title,price,image_url,url
Bulbasaur,£63.00,https://scrapeme.live/wp-content/uploads/2018/08/001-350x350.png,https://scrapeme.live/shop/Bulbasaur/
Ivysaur,£87.00,https://scrapeme.live/wp-content/uploads/2018/08/002-350x350.png,https://scrapeme.live/shop/Ivysaur/
Venusaur,£105.00,https://scrapeme.live/wp-content/uploads/2018/08/003-350x350.png,https://scrapeme.live/shop/Venusaur/
Charmander,£48.00,https://scrapeme.live/wp-content/uploads/2018/08/004-350x350.png,https://scrapeme.live/shop/Charmander/
Charmeleon,£165.00,https://scrapeme.live/wp-content/uploads/2018/08/005-350x350.png,https://scrapeme.live/shop/Charmeleon/
Charizard,£156.00,https://scrapeme.live/wp-content/uploads/2018/08/006-350x350.png,https://scrapeme.live/shop/Charizard/
Squirtle,£130.00,https://scrapeme.live/wp-content/uploads/2018/08/007-350x350.png,https://scrapeme.live/shop/Squirtle/
Wartortle,£123.00,https://scrapeme.live/wp-content/uploads/2018/08/008-350x350.png,https://scrapeme.live/shop/Wartortle/
Blastoise,£76.00,https://scrapeme.live/wp-content/uploads/2018/08/009-350x350.png,https://scrapeme.live/shop/Blastoise/
Caterpie,£73.00,https://scrapeme.live/wp-content/uploads/2018/08/010-350x350.png,https://scrapeme.live/shop/Caterpie/
Metapod,£148.00,https://scrapeme.live/wp-content/uploads/2018/08/011-350x350.png,https://scrapeme.live/shop/Metapod/
Butterfree,£162.00,https://scrapeme.live/wp-content/uploads/2018/08/012-350x350.png,https://scrapeme.live/shop/Butterfree/
Weedle,£25.00,https://scrapeme.live/wp-content/uploads/2018/08/013-350x350.png,https://scrapeme.live/shop/Weedle/
Kakuna,£148.00,https://scrapeme.live/wp-content/uploads/2018/08/014-350x350.png,https://scrapeme.live/shop/Kakuna/
Beedrill,£168.00,https://scrapeme.live/wp-content/uploads/2018/08/015-350x350.png,https://scrapeme.live/shop/Beedrill/
Pidgey,£159.00,https://scrapeme.live/wp-content/uploads/2018/08/016-350x350.png,https://scrapeme.live/shop/Pidgey/
Pidgeotto,£84.00,https://scrapeme.live/wp-content/uploads/2018/08/017-350x350.png,https://scrapeme.live/shop/Pidgeotto/
Pidgeot,£185.00,https://scrapeme.live/wp-content/uploads/2018/08/018-350x350.png,https://scrapeme.live/shop/Pidgeot/
Rattata,£128.00,https://scrapeme.live/wp-content/uploads/2018/08/019-350x350.png,https://scrapeme.live/shop/Rattata/
Raticate,£60.00,https://scrapeme.live/wp-content/uploads/2018/08/020-350x350.png,https://scrapeme.live/shop/Raticate/
Spearow,£133.00,https://scrapeme.live/wp-content/uploads/2018/08/021-350x350.png,https://scrapeme.live/shop/Spearow/
Fearow,£95.00,https://scrapeme.live/wp-content/uploads/2018/08/022-350x350.png,https://scrapeme.live/shop/Fearow/
Ekans,£55.00,https://scrapeme.live/wp-content/uploads/2018/08/023-350x350.png,https://scrapeme.live/shop/Ekans/
Arbok,£182.00,https://scrapeme.live/wp-content/uploads/2018/08/024-350x350.png,https://scrapeme.live/shop/Arbok/
Pikachu,£37.00,https://scrapeme.live/wp-content/uploads/2018/08/025-350x350.png,https://scrapeme.live/shop/Pikachu/
Raichu,£140.00,https://scrapeme.live/wp-content/uploads/2018/08/026-350x350.png,https://scrapeme.live/shop/Raichu/
Sandshrew,£82.00,https://scrapeme.live/wp-content/uploads/2018/08/027-350x350.png,https://scrapeme.live/shop/Sandshrew/
Sandslash,£155.00,https://scrapeme.live/wp-content/uploads/2018/08/028-350x350.png,https://scrapeme.live/shop/Sandslash/
Nidorina,£28.00,https://scrapeme.live/wp-content/uploads/2018/08/030-350x350.png,https://scrapeme.live/shop/Nidorina/
Nidoqueen,£106.00,https://scrapeme.live/wp-content/uploads/2018/08/031-350x350.png,https://scrapeme.live/shop/Nidoqueen/
Nidorino,£179.00,https://scrapeme.live/wp-content/uploads/2018/08/033-350x350.png,https://scrapeme.live/shop/Nidorino/
Nidoking,£31.00,https://scrapeme.live/wp-content/uploads/2018/08/034-350x350.png,https://scrapeme.live/shop/Nidoking/
Clefairy,£160.00,https://scrapeme.live/wp-content/uploads/2018/08/035-350x350.png,https://scrapeme.live/shop/Clefairy/
Clefable,£188.00,https://scrapeme.live/wp-content/uploads/2018/08/036-350x350.png,https://scrapeme.live/shop/Clefable/
Vulpix,£85.00,https://scrapeme.live/wp-content/uploads/2018/08/037-350x350.png,https://scrapeme.live/shop/Vulpix/
Ninetales,£52.00,https://scrapeme.live/wp-content/uploads/2018/08/038-350x350.png,https://scrapeme.live/shop/Ninetales/
Jigglypuff,£61.00,https://scrapeme.live/wp-content/uploads/2018/08/039-350x350.png,https://scrapeme.live/shop/Jigglypuff/
Wigglytuff,£130.00,https://scrapeme.live/wp-content/uploads/2018/08/040-350x350.png,https://scrapeme.live/shop/Wigglytuff/
Zubat,£125.00,https://scrapeme.live/wp-content/uploads/2018/08/041-350x350.png,https://scrapeme.live/shop/Zubat/
Golbat,£136.00,https://scrapeme.live/wp-content/uploads/2018/08/042-350x350.png,https://scrapeme.live/shop/Golbat/
Oddish,£45.00,https://scrapeme.live/wp-content/uploads/2018/08/043-350x350.png,https://scrapeme.live/shop/Oddish/
Gloom,£178.00,https://scrapeme.live/wp-content/uploads/2018/08/044-350x350.png,https://scrapeme.live/shop/Gloom/
Vileplume,£170.00,https://scrapeme.live/wp-content/uploads/2018/08/045-350x350.png,https://scrapeme.live/shop/Vileplume/
Paras,£168.00,https://scrapeme.live/wp-content/uploads/2018/08/046-350x350.png,https://scrapeme.live/shop/Paras/
Parasect,£27.00,https://scrapeme.live/wp-content/uploads/2018/08/047-350x350.png,https://scrapeme.live/shop/Parasect/
Venonat,£158.00,https://scrapeme.live/wp-content/uploads/2018/08/048-350x350.png,https://scrapeme.live/shop/Venonat/
Venomoth,£53.00,https://scrapeme.live/wp-content/uploads/2018/08/049-350x350.png,https://scrapeme.live/shop/Venomoth/
Diglett,£122.00,https://scrapeme.live/wp-content/uploads/2018/08/050-350x350.png,https://scrapeme.live/shop/Diglett/
Dugtrio,£111.00,https://scrapeme.live/wp-content/uploads/2018/08/051-350x350.png,https://scrapeme.live/shop/Dugtrio/
Meowth,£131.00,https://scrapeme.live/wp-content/uploads/2018/08/052-350x350.png,https://scrapeme.live/shop/Meowth/
Persian,£200.00,https://scrapeme.live/wp-content/uploads/2018/08/053-350x350.png,https://scrapeme.live/shop/Persian/
Psyduck,£182.00,https://scrapeme.live/wp-content/uploads/2018/08/054-350x350.png,https://scrapeme.live/shop/Psyduck/
Golduck,£31.00,https://scrapeme.live/wp-content/uploads/2018/08/055-350x350.png,https://scrapeme.live/shop/Golduck/
Mankey,£125.00,https://scrapeme.live/wp-content/uploads/2018/08/056-350x350.png,https://scrapeme.live/shop/Mankey/
Primeape,£86.00,https://scrapeme.live/wp-content/uploads/2018/08/057-350x350.png,https://scrapeme.live/shop/Primeape/
Growlithe,£30.00,https://scrapeme.live/wp-content/uploads/2018/08/058-350x350.png,https://scrapeme.live/shop/Growlithe/
Arcanine,£69.00,https://scrapeme.live/wp-content/uploads/2018/08/059-350x350.png,https://scrapeme.live/shop/Arcanine/
Poliwag,£174.00,https://scrapeme.live/wp-content/uploads/2018/08/060-350x350.png,https://scrapeme.live/shop/Poliwag/
Poliwhirl,£121.00,https://scrapeme.live/wp-content/uploads/2018/08/061-350x350.png,https://scrapeme.live/shop/Poliwhirl/
Poliwrath,£152.00,https://scrapeme.live/wp-content/uploads/2018/08/062-350x350.png,https://scrapeme.live/shop/Poliwrath/
Abra,£141.00,https://scrapeme.live/wp-content/uploads/2018/08/063-350x350.png,https://scrapeme.live/shop/Abra/
Kadabra,£129.00,https://scrapeme.live/wp-content/uploads/2018/08/064-350x350.png,https://scrapeme.live/shop/Kadabra/
Alakazam,£40.00,https://scrapeme.live/wp-content/uploads/2018/08/065-350x350.png,https://scrapeme.live/shop/Alakazam/
Machop,£166.00,https://scrapeme.live/wp-content/uploads/2018/08/066-350x350.png,https://scrapeme.live/shop/Machop/
Machoke,£27.00,https://scrapeme.live/wp-content/uploads/2018/08/067-350x350.png,https://scrapeme.live/shop/Machoke/
Machamp,£121.00,https://scrapeme.live/wp-content/uploads/2018/08/068-350x350.png,https://scrapeme.live/shop/Machamp/
Bellsprout,£74.00,https://scrapeme.live/wp-content/uploads/2018/08/069-350x350.png,https://scrapeme.live/shop/Bellsprout/
Weepinbell,£26.00,https://scrapeme.live/wp-content/uploads/2018/08/070-350x350.png,https://scrapeme.live/shop/Weepinbell/
Victreebel,£68.00,https://scrapeme.live/wp-content/uploads/2018/08/071-350x350.png,https://scrapeme.live/shop/Victreebel/
Tentacool,£186.00,https://scrapeme.live/wp-content/uploads/2018/08/072-350x350.png,https://scrapeme.live/shop/Tentacool/
Tentacruel,£65.00,https://scrapeme.live/wp-content/uploads/2018/08/073-350x350.png,https://scrapeme.live/shop/Tentacruel/
Geodude,£32.00,https://scrapeme.live/wp-content/uploads/2018/08/074-350x350.png,https://scrapeme.live/shop/Geodude/
Graveler,£182.00,https://scrapeme.live/wp-content/uploads/2018/08/075-350x350.png,https://scrapeme.live/shop/Graveler/
Golem,£103.00,https://scrapeme.live/wp-content/uploads/2018/08/076-350x350.png,https://scrapeme.live/shop/Golem/
Ponyta,£53.00,https://scrapeme.live/wp-content/uploads/2018/08/077-350x350.png,https://scrapeme.live/shop/Ponyta/
Rapidash,£98.00,https://scrapeme.live/wp-content/uploads/2018/08/078-350x350.png,https://scrapeme.live/shop/Rapidash/
Slowpoke,£109.00,https://scrapeme.live/wp-content/uploads/2018/08/079-350x350.png,https://scrapeme.live/shop/Slowpoke/
Slowbro,£179.00,https://scrapeme.live/wp-content/uploads/2018/08/080-350x350.png,https://scrapeme.live/shop/Slowbro/
Magnemite,£100.00,https://scrapeme.live/wp-content/uploads/2018/08/081-350x350.png,https://scrapeme.live/shop/Magnemite/
Magneton,£191.00,https://scrapeme.live/wp-content/uploads/2018/08/082-350x350.png,https://scrapeme.live/shop/Magneton/
Farfetchd,£185.00,https://scrapeme.live/wp-content/uploads/2018/08/083-350x350.png,https://scrapeme.live/shop/Farfetchd/
Doduo,£73.00,https://scrapeme.live/wp-content/uploads/2018/08/084-350x350.png,https://scrapeme.live/shop/Doduo/
Dodrio,£138.00,https://scrapeme.live/wp-content/uploads/2018/08/085-350x350.png,https://scrapeme.live/shop/Dodrio/
Seel,£164.00,https://scrapeme.live/wp-content/uploads/2018/08/086-350x350.png,https://scrapeme.live/shop/Seel/
Dewgong,£70.00,https://scrapeme.live/wp-content/uploads/2018/08/087-350x350.png,https://scrapeme.live/shop/Dewgong/
Grimer,£147.00,https://scrapeme.live/wp-content/uploads/2018/08/088-350x350.png,https://scrapeme.live/shop/Grimer/
Muk,£187.00,https://scrapeme.live/wp-content/uploads/2018/08/089-350x350.png,https://scrapeme.live/shop/Muk/
Shellder,£138.00,https://scrapeme.live/wp-content/uploads/2018/08/090-350x350.png,https://scrapeme.live/shop/Shellder/
Cloyster,£199.00,https://scrapeme.live/wp-content/uploads/2018/08/091-350x350.png,https://scrapeme.live/shop/Cloyster/
Gastly,£179.00,https://scrapeme.live/wp-content/uploads/2018/08/092-350x350.png,https://scrapeme.live/shop/Gastly/
Haunter,£42.00,https://scrapeme.live/wp-content/uploads/2018/08/093-350x350.png,https://scrapeme.live/shop/Haunter/
Gengar,£149.00,https://scrapeme.live/wp-content/uploads/2018/08/094-350x350.png,https://scrapeme.live/shop/Gengar/
Onix,£37.00,https://scrapeme.live/wp-content/uploads/2018/08/095-350x350.png,https://scrapeme.live/shop/Onix/
Drowzee,£40.00,https://scrapeme.live/wp-content/uploads/2018/08/096-350x350.png,https://scrapeme.live/shop/Drowzee/
Hypno,£198.00,https://scrapeme.live/wp-content/uploads/2018/08/097-350x350.png,https://scrapeme.live/shop/Hypno/
Krabby,£64.00,https://scrapeme.live/wp-content/uploads/2018/08/098-350x350.png,https://scrapeme.live/shop/Krabby/
Kingler,£72.00,https://scrapeme.live/wp-content/uploads/2018/08/099-350x350.png,https://scrapeme.live/shop/Kingler/
Voltorb,£189.00,https://scrapeme.live/wp-content/uploads/2018/08/100-350x350.png,https://scrapeme.live/shop/Voltorb/
Electrode,£100.00,https://scrapeme.live/wp-content/uploads/2018/08/101-350x350.png,https://scrapeme.live/shop/Electrode/
Exeggcute,£126.00,https://scrapeme.live/wp-content/uploads/2018/08/102-350x350.png,https://scrapeme.live/shop/Exeggcute/
Exeggutor,£68.00,https://scrapeme.live/wp-content/uploads/2018/08/103-350x350.png,https://scrapeme.live/shop/Exeggutor/
Cubone,£177.00,https://scrapeme.live/wp-content/uploads/2018/08/104-350x350.png,https://scrapeme.live/shop/Cubone/
Marowak,£36.00,https://scrapeme.live/wp-content/uploads/2018/08/105-350x350.png,https://scrapeme.live/shop/Marowak/
Hitmonlee,£73.00,https://scrapeme.live/wp-content/uploads/2018/08/106-350x350.png,https://scrapeme.live/shop/Hitmonlee/
Hitmonchan,£91.00,https://scrapeme.live/wp-content/uploads/2018/08/107-350x350.png,https://scrapeme.live/shop/Hitmonchan/
Lickitung,£142.00,https://scrapeme.live/wp-content/uploads/2018/08/108-350x350.png,https://scrapeme.live/shop/Lickitung/
Koffing,£38.00,https://scrapeme.live/wp-content/uploads/2018/08/109-350x350.png,https://scrapeme.live/shop/Koffing/
Weezing,£48.00,https://scrapeme.live/wp-content/uploads/2018/08/110-350x350.png,https://scrapeme.live/shop/Weezing/
Rhyhorn,£124.00,https://scrapeme.live/wp-content/uploads/2018/08/111-350x350.png,https://scrapeme.live/shop/Rhyhorn/
Rhydon,£27.00,https://scrapeme.live/wp-content/uploads/2018/08/112-350x350.png,https://scrapeme.live/shop/Rhydon/
Chansey,£176.00,https://scrapeme.live/wp-content/uploads/2018/08/113-350x350.png,https://scrapeme.live/shop/Chansey/
Tangela,£64.00,https://scrapeme.live/wp-content/uploads/2018/08/114-350x350.png,https://scrapeme.live/shop/Tangela/
Kangaskhan,£164.00,https://scrapeme.live/wp-content/uploads/2018/08/115-350x350.png,https://scrapeme.live/shop/Kangaskhan/
Horsea,£154.00,https://scrapeme.live/wp-content/uploads/2018/08/116-350x350.png,https://scrapeme.live/shop/Horsea/
Seadra,£51.00,https://scrapeme.live/wp-content/uploads/2018/08/117-350x350.png,https://scrapeme.live/shop/Seadra/
Goldeen,£170.00,https://scrapeme.live/wp-content/uploads/2018/08/118-350x350.png,https://scrapeme.live/shop/Goldeen/
Seaking,£129.00,https://scrapeme.live/wp-content/uploads/2018/08/119-350x350.png,https://scrapeme.live/shop/Seaking/
Staryu,£166.00,https://scrapeme.live/wp-content/uploads/2018/08/120-350x350.png,https://scrapeme.live/shop/Staryu/
Starmie,£176.00,https://scrapeme.live/wp-content/uploads/2018/08/121-350x350.png,https://scrapeme.live/shop/Starmie/
Mr-mime,£144.00,https://scrapeme.live/wp-content/uploads/2018/08/122-350x350.png,https://scrapeme.live/shop/Mr-mime/
Scyther,£85.00,https://scrapeme.live/wp-content/uploads/2018/08/123-350x350.png,https://scrapeme.live/shop/Scyther/
Jynx,£138.00,https://scrapeme.live/wp-content/uploads/2018/08/124-350x350.png,https://scrapeme.live/shop/Jynx/
Electabuzz,£125.00,https://scrapeme.live/wp-content/uploads/2018/08/125-350x350.png,https://scrapeme.live/shop/Electabuzz/
Magmar,£130.00,https://scrapeme.live/wp-content/uploads/2018/08/126-350x350.png,https://scrapeme.live/shop/Magmar/
Pinsir,£141.00,https://scrapeme.live/wp-content/uploads/2018/08/127-350x350.png,https://scrapeme.live/shop/Pinsir/
Tauros,£63.00,https://scrapeme.live/wp-content/uploads/2018/08/128-350x350.png,https://scrapeme.live/shop/Tauros/
Magikarp,£43.00,https://scrapeme.live/wp-content/uploads/2018/08/129-350x350.png,https://scrapeme.live/shop/Magikarp/
Gyarados,£79.00,https://scrapeme.live/wp-content/uploads/2018/08/130-350x350.png,https://scrapeme.live/shop/Gyarados/
Lapras,£172.00,https://scrapeme.live/wp-content/uploads/2018/08/131-350x350.png,https://scrapeme.live/shop/Lapras/
Ditto,£75.00,https://scrapeme.live/wp-content/uploads/2018/08/132-350x350.png,https://scrapeme.live/shop/Ditto/
Eevee,£112.00,https://scrapeme.live/wp-content/uploads/2018/08/133-350x350.png,https://scrapeme.live/shop/Eevee/
Vaporeon,£147.00,https://scrapeme.live/wp-content/uploads/2018/08/134-350x350.png,https://scrapeme.live/shop/Vaporeon/
Jolteon,£158.00,https://scrapeme.live/wp-content/uploads/2018/08/135-350x350.png,https://scrapeme.live/shop/Jolteon/
Flareon,£34.00,https://scrapeme.live/wp-content/uploads/2018/08/136-350x350.png,https://scrapeme.live/shop/Flareon/
Porygon,£178.00,https://scrapeme.live/wp-content/uploads/2018/08/137-350x350.png,https://scrapeme.live/shop/Porygon/
Omanyte,£162.00,https://scrapeme.live/wp-content/uploads/2018/08/138-350x350.png,https://scrapeme.live/shop/Omanyte/
Omastar,£61.00,https://scrapeme.live/wp-content/uploads/2018/08/139-350x350.png,https://scrapeme.live/shop/Omastar/
Kabuto,£79.00,https://scrapeme.live/wp-content/uploads/2018/08/140-350x350.png,https://scrapeme.live/shop/Kabuto/
Kabutops,£57.00,https://scrapeme.live/wp-content/uploads/2018/08/141-350x350.png,https://scrapeme.live/shop/Kabutops/
Aerodactyl,£56.00,https://scrapeme.live/wp-content/uploads/2018/08/142-350x350.png,https://scrapeme.live/shop/Aerodactyl/
Snorlax,£134.00,https://scrapeme.live/wp-content/uploads/2018/08/143-350x350.png,https://scrapeme.live/shop/Snorlax/
Articuno,£77.00,https://scrapeme.live/wp-content/uploads/2018/08/144-350x350.png,https://scrapeme.live/shop/Articuno/
Zapdos,£133.00,https://scrapeme.live/wp-content/uploads/2018/08/145-350x350.png,https://scrapeme.live/shop/Zapdos/
Moltres,£178.00,https://scrapeme.live/wp-content/uploads/2018/08/146-350x350.png,https://scrapeme.live/shop/Moltres/
Dratini,£94.00,https://scrapeme.live/wp-content/uploads/2018/08/147-350x350.png,https://scrapeme.live/shop/Dratini/
Dragonair,£57.00,https://scrapeme.live/wp-content/uploads/2018/08/148-350x350.png,https://scrapeme.live/shop/Dragonair/
Dragonite,£69.00,https://scrapeme.live/wp-content/uploads/2018/08/149-350x350.png,https://scrapeme.live/shop/Dragonite/
Mewtwo,£43.00,https://scrapeme.live/wp-content/uploads/2018/08/150-350x350.png,https://scrapeme.live/shop/Mewtwo/
Mew,£136.00,https://scrapeme.live/wp-content/uploads/2018/08/151-350x350.png,https://scrapeme.live/shop/Mew/
Chikorita,£127.00,https://scrapeme.live/wp-content/uploads/2018/08/152-350x350.png,https://scrapeme.live/shop/Chikorita/
Bayleef,£44.00,https://scrapeme.live/wp-content/uploads/2018/08/153-350x350.png,https://scrapeme.live/shop/Bayleef/
Meganium,£163.00,https://scrapeme.live/wp-content/uploads/2018/08/154-350x350.png,https://scrapeme.live/shop/Meganium/
Cyndaquil,£154.00,https://scrapeme.live/wp-content/uploads/2018/08/155-350x350.png,https://scrapeme.live/shop/Cyndaquil/
Quilava,£85.00,https://scrapeme.live/wp-content/uploads/2018/08/156-350x350.png,https://scrapeme.live/shop/Quilava/
Typhlosion,£191.00,https://scrapeme.live/wp-content/uploads/2018/08/157-350x350.png,https://scrapeme.live/shop/Typhlosion/
Totodile,£190.00,https://scrapeme.live/wp-content/uploads/2018/08/158-350x350.png,https://scrapeme.live/shop/Totodile/
Croconaw,£175.00,https://scrapeme.live/wp-content/uploads/2018/08/159-350x350.png,https://scrapeme.live/shop/Croconaw/
Feraligatr,£183.00,https://scrapeme.live/wp-content/uploads/2018/08/160-350x350.png,https://scrapeme.live/shop/Feraligatr/
Sentret,£48.00,https://scrapeme.live/wp-content/uploads/2018/08/161-350x350.png,https://scrapeme.live/shop/Sentret/
Furret,£154.00,https://scrapeme.live/wp-content/uploads/2018/08/162-350x350.png,https://scrapeme.live/shop/Furret/
Hoothoot,£48.00,https://scrapeme.live/wp-content/uploads/2018/08/163-350x350.png,https://scrapeme.live/shop/Hoothoot/
Noctowl,£170.00,https://scrapeme.live/wp-content/uploads/2018/08/164-350x350.png,https://scrapeme.live/shop/Noctowl/
Ledyba,£98.00,https://scrapeme.live/wp-content/uploads/2018/08/165-350x350.png,https://scrapeme.live/shop/Ledyba/
Ledian,£136.00,https://scrapeme.live/wp-content/uploads/2018/08/166-350x350.png,https://scrapeme.live/shop/Ledian/
Spinarak,£199.00,https://scrapeme.live/wp-content/uploads/2018/08/167-350x350.png,https://scrapeme.live/shop/Spinarak/
Ariados,£85.00,https://scrapeme.live/wp-content/uploads/2018/08/168-350x350.png,https://scrapeme.live/shop/Ariados/
Crobat,£195.00,https://scrapeme.live/wp-content/uploads/2018/08/169-350x350.png,https://scrapeme.live/shop/Crobat/
Chinchou,£59.00,https://scrapeme.live/wp-content/uploads/2018/08/170-350x350.png,https://scrapeme.live/shop/Chinchou/
Lanturn,£131.00,https://scrapeme.live/wp-content/uploads/2018/08/171-350x350.png,https://scrapeme.live/shop/Lanturn/
Pichu,£193.00,https://scrapeme.live/wp-content/uploads/2018/08/172-350x350.png,https://scrapeme.live/shop/Pichu/
Cleffa,£107.00,https://scrapeme.live/wp-content/uploads/2018/08/173-350x350.png,https://scrapeme.live/shop/Cleffa/
Igglybuff,£189.00,https://scrapeme.live/wp-content/uploads/2018/08/174-350x350.png,https://scrapeme.live/shop/Igglybuff/
Togepi,£47.00,https://scrapeme.live/wp-content/uploads/2018/08/175-350x350.png,https://scrapeme.live/shop/Togepi/
Togetic,£69.00,https://scrapeme.live/wp-content/uploads/2018/08/176-350x350.png,https://scrapeme.live/shop/Togetic/
Natu,£99.00,https://scrapeme.live/wp-content/uploads/2018/08/177-350x350.png,https://scrapeme.live/shop/Natu/
Xatu,£123.00,https://scrapeme.live/wp-content/uploads/2018/08/178-350x350.png,https://scrapeme.live/shop/Xatu/
Mareep,£79.00,https://scrapeme.live/wp-content/uploads/2018/08/179-350x350.png,https://scrapeme.live/shop/Mareep/
Flaaffy,£163.00,https://scrapeme.live/wp-content/uploads/2018/08/180-350x350.png,https://scrapeme.live/shop/Flaaffy/
Ampharos,£41.00,https://scrapeme.live/wp-content/uploads/2018/08/181-350x350.png,https://scrapeme.live/shop/Ampharos/
Bellossom,£25.00,https://scrapeme.live/wp-content/uploads/2018/08/182-350x350.png,https://scrapeme.live/shop/Bellossom/
Marill,£127.00,https://scrapeme.live/wp-content/uploads/2018/08/183-350x350.png,https://scrapeme.live/shop/Marill/
Azumarill,£175.00,https://scrapeme.live/wp-content/uploads/2018/08/184-350x350.png,https://scrapeme.live/shop/Azumarill/
Sudowoodo,£54.00,https://scrapeme.live/wp-content/uploads/2018/08/185-350x350.png,https://scrapeme.live/shop/Sudowoodo/
Politoed,£193.00,https://scrapeme.live/wp-content/uploads/2018/08/186-350x350.png,https://scrapeme.live/shop/Politoed/
Hoppip,£107.00,https://scrapeme.live/wp-content/uploads/2018/08/187-350x350.png,https://scrapeme.live/shop/Hoppip/
Skiploom,£185.00,https://scrapeme.live/wp-content/uploads/2018/08/188-350x350.png,https://scrapeme.live/shop/Skiploom/
Jumpluff,£107.00,https://scrapeme.live/wp-content/uploads/2018/08/189-350x350.png,https://scrapeme.live/shop/Jumpluff/
Aipom,£182.00,https://scrapeme.live/wp-content/uploads/2018/08/190-350x350.png,https://scrapeme.live/shop/Aipom/
Sunkern,£150.00,https://scrapeme.live/wp-content/uploads/2018/08/191-350x350.png,https://scrapeme.live/shop/Sunkern/
Sunflora,£33.00,https://scrapeme.live/wp-content/uploads/2018/08/192-350x350.png,https://scrapeme.live/shop/Sunflora/
Yanma,£130.00,https://scrapeme.live/wp-content/uploads/2018/08/193-350x350.png,https://scrapeme.live/shop/Yanma/
Wooper,£98.00,https://scrapeme.live/wp-content/uploads/2018/08/194-350x350.png,https://scrapeme.live/shop/Wooper/
Quagsire,£37.00,https://scrapeme.live/wp-content/uploads/2018/08/195-350x350.png,https://scrapeme.live/shop/Quagsire/
Espeon,£177.00,https://scrapeme.live/wp-content/uploads/2018/08/196-350x350.png,https://scrapeme.live/shop/Espeon/
Umbreon,£78.00,https://scrapeme.live/wp-content/uploads/2018/08/197-350x350.png,https://scrapeme.live/shop/Umbreon/
Murkrow,£178.00,https://scrapeme.live/wp-content/uploads/2018/08/198-350x350.png,https://scrapeme.live/shop/Murkrow/
Slowking,£174.00,https://scrapeme.live/wp-content/uploads/2018/08/199-350x350.png,https://scrapeme.live/shop/Slowking/
Misdreavus,£33.00,https://scrapeme.live/wp-content/uploads/2018/08/200-350x350.png,https://scrapeme.live/shop/Misdreavus/
Unown,£198.00,https://scrapeme.live/wp-content/uploads/2018/08/201-350x350.png,https://scrapeme.live/shop/Unown/
Wobbuffet,£107.00,https://scrapeme.live/wp-content/uploads/2018/08/202-350x350.png,https://scrapeme.live/shop/Wobbuffet/
Girafarig,£99.00,https://scrapeme.live/wp-content/uploads/2018/08/203-350x350.png,https://scrapeme.live/shop/Girafarig/
Gligar,£112.00,https://scrapeme.live/wp-content/uploads/2018/08/207-350x350.png,https://scrapeme.live/shop/Gligar/
Steelix,£116.00,https://scrapeme.live/wp-content/uploads/2018/08/208-350x350.png,https://scrapeme.live/shop/Steelix/
Snubbull,£63.00,https://scrapeme.live/wp-content/uploads/2018/08/209-350x350.png,https://scrapeme.live/shop/Snubbull/
Granbull,£59.00,https://scrapeme.live/wp-content/uploads/2018/08/210-350x350.png,https://scrapeme.live/shop/Granbull/
Qwilfish,£77.00,https://scrapeme.live/wp-content/uploads/2018/08/211-350x350.png,https://scrapeme.live/shop/Qwilfish/
Scizor,£172.00,https://scrapeme.live/wp-content/uploads/2018/08/212-350x350.png,https://scrapeme.live/shop/Scizor/
Shuckle,£194.00,https://scrapeme.live/wp-content/uploads/2018/08/213-350x350.png,https://scrapeme.live/shop/Shuckle/
Heracross,£143.00,https://scrapeme.live/wp-content/uploads/2018/08/214-350x350.png,https://scrapeme.live/shop/Heracross/
Sneasel,£108.00,https://scrapeme.live/wp-content/uploads/2018/08/215-350x350.png,https://scrapeme.live/shop/Sneasel/
Teddiursa,£173.00,https://scrapeme.live/wp-content/uploads/2018/08/216-350x350.png,https://scrapeme.live/shop/Teddiursa/
Ursaring,£31.00,https://scrapeme.live/wp-content/uploads/2018/08/217-350x350.png,https://scrapeme.live/shop/Ursaring/
Magcargo,£36.00,https://scrapeme.live/wp-content/uploads/2018/08/219-350x350.png,https://scrapeme.live/shop/Magcargo/
Swinub,£132.00,https://scrapeme.live/wp-content/uploads/2018/08/220-350x350.png,https://scrapeme.live/shop/Swinub/
Piloswine,£84.00,https://scrapeme.live/wp-content/uploads/2018/08/221-350x350.png,https://scrapeme.live/shop/Piloswine/
Corsola,£27.00,https://scrapeme.live/wp-content/uploads/2018/08/222-350x350.png,https://scrapeme.live/shop/Corsola/
Remoraid,£122.00,https://scrapeme.live/wp-content/uploads/2018/08/223-350x350.png,https://scrapeme.live/shop/Remoraid/
Octillery,£94.00,https://scrapeme.live/wp-content/uploads/2018/08/224-350x350.png,https://scrapeme.live/shop/Octillery/
Delibird,£121.00,https://scrapeme.live/wp-content/uploads/2018/08/225-350x350.png,https://scrapeme.live/shop/Delibird/
Mantine,£114.00,https://scrapeme.live/wp-content/uploads/2018/08/226-350x350.png,https://scrapeme.live/shop/Mantine/
Skarmory,£199.00,https://scrapeme.live/wp-content/uploads/2018/08/227-350x350.png,https://scrapeme.live/shop/Skarmory/
Houndour,£144.00,https://scrapeme.live/wp-content/uploads/2018/08/228-350x350.png,https://scrapeme.live/shop/Houndour/
Houndoom,£78.00,https://scrapeme.live/wp-content/uploads/2018/08/229-350x350.png,https://scrapeme.live/shop/Houndoom/
Kingdra,£124.00,https://scrapeme.live/wp-content/uploads/2018/08/230-350x350.png,https://scrapeme.live/shop/Kingdra/
Phanpy,£129.00,https://scrapeme.live/wp-content/uploads/2018/08/231-350x350.png,https://scrapeme.live/shop/Phanpy/
Donphan,£89.00,https://scrapeme.live/wp-content/uploads/2018/08/232-350x350.png,https://scrapeme.live/shop/Donphan/
Porygon2,£151.00,https://scrapeme.live/wp-content/uploads/2018/08/233-350x350.png,https://scrapeme.live/shop/Porygon2/
Stantler,£33.00,https://scrapeme.live/wp-content/uploads/2018/08/234-350x350.png,https://scrapeme.live/shop/Stantler/
Smeargle,£151.00,https://scrapeme.live/wp-content/uploads/2018/08/235-350x350.png,https://scrapeme.live/shop/Smeargle/
Tyrogue,£145.00,https://scrapeme.live/wp-content/uploads/2018/08/236-350x350.png,https://scrapeme.live/shop/Tyrogue/
Hitmontop,£149.00,https://scrapeme.live/wp-content/uploads/2018/08/237-350x350.png,https://scrapeme.live/shop/Hitmontop/
Smoochum,£166.00,https://scrapeme.live/wp-content/uploads/2018/08/238-350x350.png,https://scrapeme.live/shop/Smoochum/
Elekid,£104.00,https://scrapeme.live/wp-content/uploads/2018/08/239-350x350.png,https://scrapeme.live/shop/Elekid/
Magby,£40.00,https://scrapeme.live/wp-content/uploads/2018/08/240-350x350.png,https://scrapeme.live/shop/Magby/
Miltank,£26.00,https://scrapeme.live/wp-content/uploads/2018/08/241-350x350.png,https://scrapeme.live/shop/Miltank/
Blissey,£31.00,https://scrapeme.live/wp-content/uploads/2018/08/242-350x350.png,https://scrapeme.live/shop/Blissey/
Raikou,£66.00,https://scrapeme.live/wp-content/uploads/2018/08/243-350x350.png,https://scrapeme.live/shop/Raikou/
Entei,£27.00,https://scrapeme.live/wp-content/uploads/2018/08/244-350x350.png,https://scrapeme.live/shop/Entei/
Suicune,£68.00,https://scrapeme.live/wp-content/uploads/2018/08/245-350x350.png,https://scrapeme.live/shop/Suicune/
Larvitar,£26.00,https://scrapeme.live/wp-content/uploads/2018/08/246-350x350.png,https://scrapeme.live/shop/Larvitar/
Pupitar,£114.00,https://scrapeme.live/wp-content/uploads/2018/08/247-350x350.png,https://scrapeme.live/shop/Pupitar/
Tyranitar,£190.00,https://scrapeme.live/wp-content/uploads/2018/08/248-350x350.png,https://scrapeme.live/shop/Tyranitar/
Lugia,£86.00,https://scrapeme.live/wp-content/uploads/2018/08/249-350x350.png,https://scrapeme.live/shop/Lugia/
Ho-oh,£91.00,https://scrapeme.live/wp-content/uploads/2018/08/250-350x350.png,https://scrapeme.live/shop/Ho-oh/
Celebi,£111.00,https://scrapeme.live/wp-content/uploads/2018/08/251-350x350.png,https://scrapeme.live/shop/Celebi/
Treecko,£96.00,https://scrapeme.live/wp-content/uploads/2018/08/252-350x350.png,https://scrapeme.live/shop/Treecko/
Grovyle,£190.00,https://scrapeme.live/wp-content/uploads/2018/08/253-350x350.png,https://scrapeme.live/shop/Grovyle/
Sceptile,£37.00,https://scrapeme.live/wp-content/uploads/2018/08/254-350x350.png,https://scrapeme.live/shop/Sceptile/
Torchic,£28.00,https://scrapeme.live/wp-content/uploads/2018/08/255-350x350.png,https://scrapeme.live/shop/Torchic/
Combusken,£68.00,https://scrapeme.live/wp-content/uploads/2018/08/256-350x350.png,https://scrapeme.live/shop/Combusken/
Blaziken,£40.00,https://scrapeme.live/wp-content/uploads/2018/08/257-350x350.png,https://scrapeme.live/shop/Blaziken/
Mudkip,£140.00,https://scrapeme.live/wp-content/uploads/2018/08/258-350x350.png,https://scrapeme.live/shop/Mudkip/
Marshtomp,£152.00,https://scrapeme.live/wp-content/uploads/2018/08/259-350x350.png,https://scrapeme.live/shop/Marshtomp/
Swampert,£144.00,https://scrapeme.live/wp-content/uploads/2018/08/260-350x350.png,https://scrapeme.live/shop/Swampert/
Poochyena,£130.00,https://scrapeme.live/wp-content/uploads/2018/08/261-350x350.png,https://scrapeme.live/shop/Poochyena/
Mightyena,£175.00,https://scrapeme.live/wp-content/uploads/2018/08/262-350x350.png,https://scrapeme.live/shop/Mightyena/
Zigzagoon,£83.00,https://scrapeme.live/wp-content/uploads/2018/08/263-350x350.png,https://scrapeme.live/shop/Zigzagoon/
Linoone,£81.00,https://scrapeme.live/wp-content/uploads/2018/08/264-350x350.png,https://scrapeme.live/shop/Linoone/
Wurmple,£195.00,https://scrapeme.live/wp-content/uploads/2018/08/265-350x350.png,https://scrapeme.live/shop/Wurmple/
Silcoon,£80.00,https://scrapeme.live/wp-content/uploads/2018/08/266-350x350.png,https://scrapeme.live/shop/Silcoon/
Beautifly,£145.00,https://scrapeme.live/wp-content/uploads/2018/08/267-350x350.png,https://scrapeme.live/shop/Beautifly/
Cascoon,£166.00,https://scrapeme.live/wp-content/uploads/2018/08/268-350x350.png,https://scrapeme.live/shop/Cascoon/
Dustox,£91.00,https://scrapeme.live/wp-content/uploads/2018/08/269-350x350.png,https://scrapeme.live/shop/Dustox/
Lotad,£161.00,https://scrapeme.live/wp-content/uploads/2018/08/270-350x350.png,https://scrapeme.live/shop/Lotad/
Lombre,£79.00,https://scrapeme.live/wp-content/uploads/2018/08/271-350x350.png,https://scrapeme.live/shop/Lombre/
Ludicolo,£189.00,https://scrapeme.live/wp-content/uploads/2018/08/272-350x350.png,https://scrapeme.live/shop/Ludicolo/
Seedot,£26.00,https://scrapeme.live/wp-content/uploads/2018/08/273-350x350.png,https://scrapeme.live/shop/Seedot/
Nuzleaf,£26.00,https://scrapeme.live/wp-content/uploads/2018/08/274-350x350.png,https://scrapeme.live/shop/Nuzleaf/
Shiftry,£157.00,https://scrapeme.live/wp-content/uploads/2018/08/275-350x350.png,https://scrapeme.live/shop/Shiftry/
Taillow,£85.00,https://scrapeme.live/wp-content/uploads/2018/08/276-350x350.png,https://scrapeme.live/shop/Taillow/
Swellow,£88.00,https://scrapeme.live/wp-content/uploads/2018/08/277-350x350.png,https://scrapeme.live/shop/Swellow/
Wingull,£153.00,https://scrapeme.live/wp-content/uploads/2018/08/278-350x350.png,https://scrapeme.live/shop/Wingull/
Pelipper,£158.00,https://scrapeme.live/wp-content/uploads/2018/08/279-350x350.png,https://scrapeme.live/shop/Pelipper/
Ralts,£151.00,https://scrapeme.live/wp-content/uploads/2018/08/280-350x350.png,https://scrapeme.live/shop/Ralts/
Kirlia,£186.00,https://scrapeme.live/wp-content/uploads/2018/08/281-350x350.png,https://scrapeme.live/shop/Kirlia/
Gardevoir,£34.00,https://scrapeme.live/wp-content/uploads/2018/08/282-350x350.png,https://scrapeme.live/shop/Gardevoir/
Surskit,£112.00,https://scrapeme.live/wp-content/uploads/2018/08/283-350x350.png,https://scrapeme.live/shop/Surskit/
Masquerain,£39.00,https://scrapeme.live/wp-content/uploads/2018/08/284-350x350.png,https://scrapeme.live/shop/Masquerain/
Shroomish,£31.00,https://scrapeme.live/wp-content/uploads/2018/08/285-350x350.png,https://scrapeme.live/shop/Shroomish/
Breloom,£113.00,https://scrapeme.live/wp-content/uploads/2018/08/286-350x350.png,https://scrapeme.live/shop/Breloom/
Slakoth,£69.00,https://scrapeme.live/wp-content/uploads/2018/08/287-350x350.png,https://scrapeme.live/shop/Slakoth/
Vigoroth,£25.00,https://scrapeme.live/wp-content/uploads/2018/08/288-350x350.png,https://scrapeme.live/shop/Vigoroth/
Slaking,£119.00,https://scrapeme.live/wp-content/uploads/2018/08/289-350x350.png,https://scrapeme.live/shop/Slaking/
Nincada,£38.00,https://scrapeme.live/wp-content/uploads/2018/08/290-350x350.png,https://scrapeme.live/shop/Nincada/
Ninjask,£161.00,https://scrapeme.live/wp-content/uploads/2018/08/291-350x350.png,https://scrapeme.live/shop/Ninjask/
Shedinja,£128.00,https://scrapeme.live/wp-content/uploads/2018/08/292-350x350.png,https://scrapeme.live/shop/Shedinja/
Whismur,£137.00,https://scrapeme.live/wp-content/uploads/2018/08/293-350x350.png,https://scrapeme.live/shop/Whismur/
Loudred,£145.00,https://scrapeme.live/wp-content/uploads/2018/08/294-350x350.png,https://scrapeme.live/shop/Loudred/
Exploud,£161.00,https://scrapeme.live/wp-content/uploads/2018/08/295-350x350.png,https://scrapeme.live/shop/Exploud/
Makuhita,£30.00,https://scrapeme.live/wp-content/uploads/2018/08/296-350x350.png,https://scrapeme.live/shop/Makuhita/
Hariyama,£176.00,https://scrapeme.live/wp-content/uploads/2018/08/297-350x350.png,https://scrapeme.live/shop/Hariyama/
Azurill,£70.00,https://scrapeme.live/wp-content/uploads/2018/08/298-350x350.png,https://scrapeme.live/shop/Azurill/
Nosepass,£41.00,https://scrapeme.live/wp-content/uploads/2018/08/299-350x350.png,https://scrapeme.live/shop/Nosepass/
Skitty,£156.00,https://scrapeme.live/wp-content/uploads/2018/08/300-350x350.png,https://scrapeme.live/shop/Skitty/
Delcatty,£170.00,https://scrapeme.live/wp-content/uploads/2018/08/301-350x350.png,https://scrapeme.live/shop/Delcatty/
Sableye,£81.00,https://scrapeme.live/wp-content/uploads/2018/08/302-350x350.png,https://scrapeme.live/shop/Sableye/
Mawile,£119.00,https://scrapeme.live/wp-content/uploads/2018/08/303-350x350.png,https://scrapeme.live/shop/Mawile/
Aron,£149.00,https://scrapeme.live/wp-content/uploads/2018/08/304-350x350.png,https://scrapeme.live/shop/Aron/
Lairon,£70.00,https://scrapeme.live/wp-content/uploads/2018/08/305-350x350.png,https://scrapeme.live/shop/Lairon/
Aggron,£140.00,https://scrapeme.live/wp-content/uploads/2018/08/306-350x350.png,https://scrapeme.live/shop/Aggron/
Meditite,£97.00,https://scrapeme.live/wp-content/uploads/2018/08/307-350x350.png,https://scrapeme.live/shop/Meditite/
Medicham,£77.00,https://scrapeme.live/wp-content/uploads/2018/08/308-350x350.png,https://scrapeme.live/shop/Medicham/
Electrike,£145.00,https://scrapeme.live/wp-content/uploads/2018/08/309-350x350.png,https://scrapeme.live/shop/Electrike/
Manectric,£76.00,https://scrapeme.live/wp-content/uploads/2018/08/310-350x350.png,https://scrapeme.live/shop/Manectric/
Plusle,£56.00,https://scrapeme.live/wp-content/uploads/2018/08/311-350x350.png,https://scrapeme.live/shop/Plusle/
Minun,£193.00,https://scrapeme.live/wp-content/uploads/2018/08/312-350x350.png,https://scrapeme.live/shop/Minun/
Volbeat,£123.00,https://scrapeme.live/wp-content/uploads/2018/08/313-350x350.png,https://scrapeme.live/shop/Volbeat/
Illumise,£167.00,https://scrapeme.live/wp-content/uploads/2018/08/314-350x350.png,https://scrapeme.live/shop/Illumise/
Roselia,£90.00,https://scrapeme.live/wp-content/uploads/2018/08/315-350x350.png,https://scrapeme.live/shop/Roselia/
Gulpin,£136.00,https://scrapeme.live/wp-content/uploads/2018/08/316-350x350.png,https://scrapeme.live/shop/Gulpin/
Swalot,£130.00,https://scrapeme.live/wp-content/uploads/2018/08/317-350x350.png,https://scrapeme.live/shop/Swalot/
Carvanha,£25.00,https://scrapeme.live/wp-content/uploads/2018/08/318-350x350.png,https://scrapeme.live/shop/Carvanha/
Sharpedo,£129.00,https://scrapeme.live/wp-content/uploads/2018/08/319-350x350.png,https://scrapeme.live/shop/Sharpedo/
Wailmer,£90.00,https://scrapeme.live/wp-content/uploads/2018/08/320-350x350.png,https://scrapeme.live/shop/Wailmer/
Wailord,£150.00,https://scrapeme.live/wp-content/uploads/2018/08/321-350x350.png,https://scrapeme.live/shop/Wailord/
Numel,£170.00,https://scrapeme.live/wp-content/uploads/2018/08/322-350x350.png,https://scrapeme.live/shop/Numel/
Camerupt,£124.00,https://scrapeme.live/wp-content/uploads/2018/08/323-350x350.png,https://scrapeme.live/shop/Camerupt/
Torkoal,£98.00,https://scrapeme.live/wp-content/uploads/2018/08/324-350x350.png,https://scrapeme.live/shop/Torkoal/
Spoink,£163.00,https://scrapeme.live/wp-content/uploads/2018/08/325-350x350.png,https://scrapeme.live/shop/Spoink/
Grumpig,£182.00,https://scrapeme.live/wp-content/uploads/2018/08/326-350x350.png,https://scrapeme.live/shop/Grumpig/
Spinda,£149.00,https://scrapeme.live/wp-content/uploads/2018/08/327-350x350.png,https://scrapeme.live/shop/Spinda/
Trapinch,£116.00,https://scrapeme.live/wp-content/uploads/2018/08/328-350x350.png,https://scrapeme.live/shop/Trapinch/
Vibrava,£200.00,https://scrapeme.live/wp-content/uploads/2018/08/329-350x350.png,https://scrapeme.live/shop/Vibrava/
Flygon,£174.00,https://scrapeme.live/wp-content/uploads/2018/08/330-350x350.png,https://scrapeme.live/shop/Flygon/
Cacnea,£105.00,https://scrapeme.live/wp-content/uploads/2018/08/331-350x350.png,https://scrapeme.live/shop/Cacnea/
Cacturne,£31.00,https://scrapeme.live/wp-content/uploads/2018/08/332-350x350.png,https://scrapeme.live/shop/Cacturne/
Swablu,£121.00,https://scrapeme.live/wp-content/uploads/2018/08/333-350x350.png,https://scrapeme.live/shop/Swablu/
Altaria,£104.00,https://scrapeme.live/wp-content/uploads/2018/08/334-350x350.png,https://scrapeme.live/shop/Altaria/
Seviper,£107.00,https://scrapeme.live/wp-content/uploads/2018/08/336-350x350.png,https://scrapeme.live/shop/Seviper/
Lunatone,£177.00,https://scrapeme.live/wp-content/uploads/2018/08/337-350x350.png,https://scrapeme.live/shop/Lunatone/
Solrock,£57.00,https://scrapeme.live/wp-content/uploads/2018/08/338-350x350.png,https://scrapeme.live/shop/Solrock/
Whiscash,£179.00,https://scrapeme.live/wp-content/uploads/2018/08/340-350x350.png,https://scrapeme.live/shop/Whiscash/
Corphish,£178.00,https://scrapeme.live/wp-content/uploads/2018/08/341-350x350.png,https://scrapeme.live/shop/Corphish/
Crawdaunt,£173.00,https://scrapeme.live/wp-content/uploads/2018/08/342-350x350.png,https://scrapeme.live/shop/Crawdaunt/
Baltoy,£167.00,https://scrapeme.live/wp-content/uploads/2018/08/343-350x350.png,https://scrapeme.live/shop/Baltoy/
Claydol,£197.00,https://scrapeme.live/wp-content/uploads/2018/08/344-350x350.png,https://scrapeme.live/shop/Claydol/
Lileep,£87.00,https://scrapeme.live/wp-content/uploads/2018/08/345-350x350.png,https://scrapeme.live/shop/Lileep/
Cradily,£154.00,https://scrapeme.live/wp-content/uploads/2018/08/346-350x350.png,https://scrapeme.live/shop/Cradily/
Anorith,£64.00,https://scrapeme.live/wp-content/uploads/2018/08/347-350x350.png,https://scrapeme.live/shop/Anorith/
Armaldo,£42.00,https://scrapeme.live/wp-content/uploads/2018/08/348-350x350.png,https://scrapeme.live/shop/Armaldo/
Feebas,£194.00,https://scrapeme.live/wp-content/uploads/2018/08/349-350x350.png,https://scrapeme.live/shop/Feebas/
Milotic,£152.00,https://scrapeme.live/wp-content/uploads/2018/08/350-350x350.png,https://scrapeme.live/shop/Milotic/
Castform,£119.00,https://scrapeme.live/wp-content/uploads/2018/08/351-350x350.png,https://scrapeme.live/shop/Castform/
Kecleon,£100.00,https://scrapeme.live/wp-content/uploads/2018/08/352-350x350.png,https://scrapeme.live/shop/Kecleon/
Shuppet,£174.00,https://scrapeme.live/wp-content/uploads/2018/08/353-350x350.png,https://scrapeme.live/shop/Shuppet/
Banette,£104.00,https://scrapeme.live/wp-content/uploads/2018/08/354-350x350.png,https://scrapeme.live/shop/Banette/
Duskull,£139.00,https://scrapeme.live/wp-content/uploads/2018/08/355-350x350.png,https://scrapeme.live/shop/Duskull/
Dusclops,£39.00,https://scrapeme.live/wp-content/uploads/2018/08/356-350x350.png,https://scrapeme.live/shop/Dusclops/
Tropius,£196.00,https://scrapeme.live/wp-content/uploads/2018/08/357-350x350.png,https://scrapeme.live/shop/Tropius/
Chimecho,£51.00,https://scrapeme.live/wp-content/uploads/2018/08/358-350x350.png,https://scrapeme.live/shop/Chimecho/
Absol,£134.00,https://scrapeme.live/wp-content/uploads/2018/08/359-350x350.png,https://scrapeme.live/shop/Absol/
Wynaut,£168.00,https://scrapeme.live/wp-content/uploads/2018/08/360-350x350.png,https://scrapeme.live/shop/Wynaut/
Snorunt,£82.00,https://scrapeme.live/wp-content/uploads/2018/08/361-350x350.png,https://scrapeme.live/shop/Snorunt/
Glalie,£178.00,https://scrapeme.live/wp-content/uploads/2018/08/362-350x350.png,https://scrapeme.live/shop/Glalie/
Spheal,£193.00,https://scrapeme.live/wp-content/uploads/2018/08/363-350x350.png,https://scrapeme.live/shop/Spheal/
Sealeo,£160.00,https://scrapeme.live/wp-content/uploads/2018/08/364-350x350.png,https://scrapeme.live/shop/Sealeo/
Walrein,£27.00,https://scrapeme.live/wp-content/uploads/2018/08/365-350x350.png,https://scrapeme.live/shop/Walrein/
Clamperl,£48.00,https://scrapeme.live/wp-content/uploads/2018/08/366-350x350.png,https://scrapeme.live/shop/Clamperl/
Huntail,£52.00,https://scrapeme.live/wp-content/uploads/2018/08/367-350x350.png,https://scrapeme.live/shop/Huntail/
Gorebyss,£150.00,https://scrapeme.live/wp-content/uploads/2018/08/368-350x350.png,https://scrapeme.live/shop/Gorebyss/
Relicanth,£157.00,https://scrapeme.live/wp-content/uploads/2018/08/369-350x350.png,https://scrapeme.live/shop/Relicanth/
Luvdisc,£44.00,https://scrapeme.live/wp-content/uploads/2018/08/370-350x350.png,https://scrapeme.live/shop/Luvdisc/
Bagon,£34.00,https://scrapeme.live/wp-content/uploads/2018/08/371-350x350.png,https://scrapeme.live/shop/Bagon/
Shelgon,£56.00,https://scrapeme.live/wp-content/uploads/2018/08/372-350x350.png,https://scrapeme.live/shop/Shelgon/
Salamence,£62.00,https://scrapeme.live/wp-content/uploads/2018/08/373-350x350.png,https://scrapeme.live/shop/Salamence/
Beldum,£122.00,https://scrapeme.live/wp-content/uploads/2018/08/374-350x350.png,https://scrapeme.live/shop/Beldum/
Metang,£78.00,https://scrapeme.live/wp-content/uploads/2018/08/375-350x350.png,https://scrapeme.live/shop/Metang/
Metagross,£170.00,https://scrapeme.live/wp-content/uploads/2018/08/376-350x350.png,https://scrapeme.live/shop/Metagross/
Regirock,£66.00,https://scrapeme.live/wp-content/uploads/2018/08/377-350x350.png,https://scrapeme.live/shop/Regirock/
Regice,£165.00,https://scrapeme.live/wp-content/uploads/2018/08/378-350x350.png,https://scrapeme.live/shop/Regice/
Registeel,£196.00,https://scrapeme.live/wp-content/uploads/2018/08/379-350x350.png,https://scrapeme.live/shop/Registeel/
Latias,£126.00,https://scrapeme.live/wp-content/uploads/2018/08/380-350x350.png,https://scrapeme.live/shop/Latias/
Latios,£166.00,https://scrapeme.live/wp-content/uploads/2018/08/381-350x350.png,https://scrapeme.live/shop/Latios/
Kyogre,£27.00,https://scrapeme.live/wp-content/uploads/2018/08/382-350x350.png,https://scrapeme.live/shop/Kyogre/
Groudon,£124.00,https://scrapeme.live/wp-content/uploads/2018/08/383-350x350.png,https://scrapeme.live/shop/Groudon/
Rayquaza,£97.00,https://scrapeme.live/wp-content/uploads/2018/08/384-350x350.png,https://scrapeme.live/shop/Rayquaza/
Jirachi,£111.00,https://scrapeme.live/wp-content/uploads/2018/08/385-350x350.png,https://scrapeme.live/shop/Jirachi/
Turtwig,£101.00,https://scrapeme.live/wp-content/uploads/2018/08/387-350x350.png,https://scrapeme.live/shop/Turtwig/
Grotle,£154.00,https://scrapeme.live/wp-content/uploads/2018/08/388-350x350.png,https://scrapeme.live/shop/Grotle/
Torterra,£87.00,https://scrapeme.live/wp-content/uploads/2018/08/389-350x350.png,https://scrapeme.live/shop/Torterra/
Chimchar,£143.00,https://scrapeme.live/wp-content/uploads/2018/08/390-350x350.png,https://scrapeme.live/shop/Chimchar/
Monferno,£68.00,https://scrapeme.live/wp-content/uploads/2018/08/391-350x350.png,https://scrapeme.live/shop/Monferno/
Infernape,£165.00,https://scrapeme.live/wp-content/uploads/2018/08/392-350x350.png,https://scrapeme.live/shop/Infernape/
Prinplup,£177.00,https://scrapeme.live/wp-content/uploads/2018/08/394-350x350.png,https://scrapeme.live/shop/Prinplup/
Empoleon,£42.00,https://scrapeme.live/wp-content/uploads/2018/08/395-350x350.png,https://scrapeme.live/shop/Empoleon/
Starly,£59.00,https://scrapeme.live/wp-content/uploads/2018/08/396-350x350.png,https://scrapeme.live/shop/Starly/
Staravia,£158.00,https://scrapeme.live/wp-content/uploads/2018/08/397-350x350.png,https://scrapeme.live/shop/Staravia/
Staraptor,£42.00,https://scrapeme.live/wp-content/uploads/2018/08/398-350x350.png,https://scrapeme.live/shop/Staraptor/
Bidoof,£128.00,https://scrapeme.live/wp-content/uploads/2018/08/399-350x350.png,https://scrapeme.live/shop/Bidoof/
Bibarel,£114.00,https://scrapeme.live/wp-content/uploads/2018/08/400-350x350.png,https://scrapeme.live/shop/Bibarel/
Kricketot,£94.00,https://scrapeme.live/wp-content/uploads/2018/08/401-350x350.png,https://scrapeme.live/shop/Kricketot/
Kricketune,£53.00,https://scrapeme.live/wp-content/uploads/2018/08/402-350x350.png,https://scrapeme.live/shop/Kricketune/
Shinx,£149.00,https://scrapeme.live/wp-content/uploads/2018/08/403-350x350.png,https://scrapeme.live/shop/Shinx/
Luxio,£168.00,https://scrapeme.live/wp-content/uploads/2018/08/404-350x350.png,https://scrapeme.live/shop/Luxio/
Luxray,£43.00,https://scrapeme.live/wp-content/uploads/2018/08/405-350x350.png,https://scrapeme.live/shop/Luxray/
Budew,£171.00,https://scrapeme.live/wp-content/uploads/2018/08/406-350x350.png,https://scrapeme.live/shop/Budew/
Roserade,£155.00,https://scrapeme.live/wp-content/uploads/2018/08/407-350x350.png,https://scrapeme.live/shop/Roserade/
Cranidos,£47.00,https://scrapeme.live/wp-content/uploads/2018/08/408-350x350.png,https://scrapeme.live/shop/Cranidos/
Rampardos,£196.00,https://scrapeme.live/wp-content/uploads/2018/08/409-350x350.png,https://scrapeme.live/shop/Rampardos/
Shieldon,£42.00,https://scrapeme.live/wp-content/uploads/2018/08/410-350x350.png,https://scrapeme.live/shop/Shieldon/
Bastiodon,£191.00,https://scrapeme.live/wp-content/uploads/2018/08/411-350x350.png,https://scrapeme.live/shop/Bastiodon/
Burmy,£91.00,https://scrapeme.live/wp-content/uploads/2018/08/412-350x350.png,https://scrapeme.live/shop/Burmy/
Mothim,£177.00,https://scrapeme.live/wp-content/uploads/2018/08/414-350x350.png,https://scrapeme.live/shop/Mothim/
Combee,£111.00,https://scrapeme.live/wp-content/uploads/2018/08/415-350x350.png,https://scrapeme.live/shop/Combee/
Vespiquen,£104.00,https://scrapeme.live/wp-content/uploads/2018/08/416-350x350.png,https://scrapeme.live/shop/Vespiquen/
Pachirisu,£151.00,https://scrapeme.live/wp-content/uploads/2018/08/417-350x350.png,https://scrapeme.live/shop/Pachirisu/
Buizel,£55.00,https://scrapeme.live/wp-content/uploads/2018/08/418-350x350.png,https://scrapeme.live/shop/Buizel/
Floatzel,£40.00,https://scrapeme.live/wp-content/uploads/2018/08/419-350x350.png,https://scrapeme.live/shop/Floatzel/
Cherubi,£101.00,https://scrapeme.live/wp-content/uploads/2018/08/420-350x350.png,https://scrapeme.live/shop/Cherubi/
Cherrim,£161.00,https://scrapeme.live/wp-content/uploads/2018/08/421-350x350.png,https://scrapeme.live/shop/Cherrim/
Shellos,£163.00,https://scrapeme.live/wp-content/uploads/2018/08/422-350x350.png,https://scrapeme.live/shop/Shellos/
Gastrodon,£148.00,https://scrapeme.live/wp-content/uploads/2018/08/423-350x350.png,https://scrapeme.live/shop/Gastrodon/
Ambipom,£36.00,https://scrapeme.live/wp-content/uploads/2018/08/424-350x350.png,https://scrapeme.live/shop/Ambipom/
Drifloon,£70.00,https://scrapeme.live/wp-content/uploads/2018/08/425-350x350.png,https://scrapeme.live/shop/Drifloon/
Drifblim,£36.00,https://scrapeme.live/wp-content/uploads/2018/08/426-350x350.png,https://scrapeme.live/shop/Drifblim/
Buneary,£180.00,https://scrapeme.live/wp-content/uploads/2018/08/427-350x350.png,https://scrapeme.live/shop/Buneary/
Lopunny,£123.00,https://scrapeme.live/wp-content/uploads/2018/08/428-350x350.png,https://scrapeme.live/shop/Lopunny/
Mismagius,£38.00,https://scrapeme.live/wp-content/uploads/2018/08/429-350x350.png,https://scrapeme.live/shop/Mismagius/
Honchkrow,£47.00,https://scrapeme.live/wp-content/uploads/2018/08/430-350x350.png,https://scrapeme.live/shop/Honchkrow/
Glameow,£39.00,https://scrapeme.live/wp-content/uploads/2018/08/431-350x350.png,https://scrapeme.live/shop/Glameow/
Purugly,£128.00,https://scrapeme.live/wp-content/uploads/2018/08/432-350x350.png,https://scrapeme.live/shop/Purugly/
Stunky,£106.00,https://scrapeme.live/wp-content/uploads/2018/08/434-350x350.png,https://scrapeme.live/shop/Stunky/
Skuntank,£112.00,https://scrapeme.live/wp-content/uploads/2018/08/435-350x350.png,https://scrapeme.live/shop/Skuntank/
Bronzong,£110.00,https://scrapeme.live/wp-content/uploads/2018/08/437-350x350.png,https://scrapeme.live/shop/Bronzong/
Bonsly,£106.00,https://scrapeme.live/wp-content/uploads/2018/08/438-350x350.png,https://scrapeme.live/shop/Bonsly/
Mime-jr,£170.00,https://scrapeme.live/wp-content/uploads/2018/08/439-350x350.png,https://scrapeme.live/shop/Mime-jr/
Happiny,£67.00,https://scrapeme.live/wp-content/uploads/2018/08/440-350x350.png,https://scrapeme.live/shop/Happiny/
Chatot,£78.00,https://scrapeme.live/wp-content/uploads/2018/08/441-350x350.png,https://scrapeme.live/shop/Chatot/
Spiritomb,£165.00,https://scrapeme.live/wp-content/uploads/2018/08/442-350x350.png,https://scrapeme.live/shop/Spiritomb/
Gible,£194.00,https://scrapeme.live/wp-content/uploads/2018/08/443-350x350.png,https://scrapeme.live/shop/Gible/
Gabite,£154.00,https://scrapeme.live/wp-content/uploads/2018/08/444-350x350.png,https://scrapeme.live/shop/Gabite/
Garchomp,£62.00,https://scrapeme.live/wp-content/uploads/2018/08/445-350x350.png,https://scrapeme.live/shop/Garchomp/
Munchlax,£190.00,https://scrapeme.live/wp-content/uploads/2018/08/446-350x350.png,https://scrapeme.live/shop/Munchlax/
Riolu,£70.00,https://scrapeme.live/wp-content/uploads/2018/08/447-350x350.png,https://scrapeme.live/shop/Riolu/
Lucario,£102.00,https://scrapeme.live/wp-content/uploads/2018/08/448-350x350.png,https://scrapeme.live/shop/Lucario/
Hippopotas,£189.00,https://scrapeme.live/wp-content/uploads/2018/08/449-350x350.png,https://scrapeme.live/shop/Hippopotas/
Hippowdon,£140.00,https://scrapeme.live/wp-content/uploads/2018/08/450-350x350.png,https://scrapeme.live/shop/Hippowdon/
Skorupi,£51.00,https://scrapeme.live/wp-content/uploads/2018/08/451-350x350.png,https://scrapeme.live/shop/Skorupi/
Drapion,£72.00,https://scrapeme.live/wp-content/uploads/2018/08/452-350x350.png,https://scrapeme.live/shop/Drapion/
Croagunk,£145.00,https://scrapeme.live/wp-content/uploads/2018/08/453-350x350.png,https://scrapeme.live/shop/Croagunk/
Toxicroak,£145.00,https://scrapeme.live/wp-content/uploads/2018/08/454-350x350.png,https://scrapeme.live/shop/Toxicroak/
Carnivine,£60.00,https://scrapeme.live/wp-content/uploads/2018/08/455-350x350.png,https://scrapeme.live/shop/Carnivine/
Finneon,£172.00,https://scrapeme.live/wp-content/uploads/2018/08/456-350x350.png,https://scrapeme.live/shop/Finneon/
Lumineon,£72.00,https://scrapeme.live/wp-content/uploads/2018/08/457-350x350.png,https://scrapeme.live/shop/Lumineon/
Mantyke,£121.00,https://scrapeme.live/wp-content/uploads/2018/08/458-350x350.png,https://scrapeme.live/shop/Mantyke/
Snover,£104.00,https://scrapeme.live/wp-content/uploads/2018/08/459-350x350.png,https://scrapeme.live/shop/Snover/
Abomasnow,£46.00,https://scrapeme.live/wp-content/uploads/2018/08/460-350x350.png,https://scrapeme.live/shop/Abomasnow/
Magnezone,£190.00,https://scrapeme.live/wp-content/uploads/2018/08/462-350x350.png,https://scrapeme.live/shop/Magnezone/
Lickilicky,£101.00,https://scrapeme.live/wp-content/uploads/2018/08/463-350x350.png,https://scrapeme.live/shop/Lickilicky/
Rhyperior,£79.00,https://scrapeme.live/wp-content/uploads/2018/08/464-350x350.png,https://scrapeme.live/shop/Rhyperior/
Tangrowth,£108.00,https://scrapeme.live/wp-content/uploads/2018/08/465-350x350.png,https://scrapeme.live/shop/Tangrowth/
Electivire,£61.00,https://scrapeme.live/wp-content/uploads/2018/08/466-350x350.png,https://scrapeme.live/shop/Electivire/
Magmortar,£200.00,https://scrapeme.live/wp-content/uploads/2018/08/467-350x350.png,https://scrapeme.live/shop/Magmortar/
Togekiss,£158.00,https://scrapeme.live/wp-content/uploads/2018/08/468-350x350.png,https://scrapeme.live/shop/Togekiss/
Yanmega,£121.00,https://scrapeme.live/wp-content/uploads/2018/08/469-350x350.png,https://scrapeme.live/shop/Yanmega/
Leafeon,£93.00,https://scrapeme.live/wp-content/uploads/2018/08/470-350x350.png,https://scrapeme.live/shop/Leafeon/
Glaceon,£142.00,https://scrapeme.live/wp-content/uploads/2018/08/471-350x350.png,https://scrapeme.live/shop/Glaceon/
Gliscor,£28.00,https://scrapeme.live/wp-content/uploads/2018/08/472-350x350.png,https://scrapeme.live/shop/Gliscor/
Mamoswine,£104.00,https://scrapeme.live/wp-content/uploads/2018/08/473-350x350.png,https://scrapeme.live/shop/Mamoswine/
Gallade,£149.00,https://scrapeme.live/wp-content/uploads/2018/08/475-350x350.png,https://scrapeme.live/shop/Gallade/
Probopass,£181.00,https://scrapeme.live/wp-content/uploads/2018/08/476-350x350.png,https://scrapeme.live/shop/Probopass/
Dusknoir,£158.00,https://scrapeme.live/wp-content/uploads/2018/08/477-350x350.png,https://scrapeme.live/shop/Dusknoir/
Froslass,£86.00,https://scrapeme.live/wp-content/uploads/2018/08/478-350x350.png,https://scrapeme.live/shop/Froslass/
Rotom,£42.00,https://scrapeme.live/wp-content/uploads/2018/08/479-350x350.png,https://scrapeme.live/shop/Rotom/
Uxie,£200.00,https://scrapeme.live/wp-content/uploads/2018/08/480-350x350.png,https://scrapeme.live/shop/Uxie/
Mesprit,£25.00,https://scrapeme.live/wp-content/uploads/2018/08/481-350x350.png,https://scrapeme.live/shop/Mesprit/
Azelf,£32.00,https://scrapeme.live/wp-content/uploads/2018/08/482-350x350.png,https://scrapeme.live/shop/Azelf/
Dialga,£179.00,https://scrapeme.live/wp-content/uploads/2018/08/483-350x350.png,https://scrapeme.live/shop/Dialga/
Palkia,£151.00,https://scrapeme.live/wp-content/uploads/2018/08/484-350x350.png,https://scrapeme.live/shop/Palkia/
Heatran,£142.00,https://scrapeme.live/wp-content/uploads/2018/08/485-350x350.png,https://scrapeme.live/shop/Heatran/
Regigigas,£77.00,https://scrapeme.live/wp-content/uploads/2018/08/486-350x350.png,https://scrapeme.live/shop/Regigigas/
Cresselia,£34.00,https://scrapeme.live/wp-content/uploads/2018/08/488-350x350.png,https://scrapeme.live/shop/Cresselia/
Phione,£155.00,https://scrapeme.live/wp-content/uploads/2018/08/489-350x350.png,https://scrapeme.live/shop/Phione/
Manaphy,£74.00,https://scrapeme.live/wp-content/uploads/2018/08/490-350x350.png,https://scrapeme.live/shop/Manaphy/
Darkrai,£59.00,https://scrapeme.live/wp-content/uploads/2018/08/491-350x350.png,https://scrapeme.live/shop/Darkrai/
Arceus,£53.00,https://scrapeme.live/wp-content/uploads/2018/08/493-350x350.png,https://scrapeme.live/shop/Arceus/
Victini,£109.00,https://scrapeme.live/wp-content/uploads/2018/08/494-350x350.png,https://scrapeme.live/shop/Victini/
Snivy,£102.00,https://scrapeme.live/wp-content/uploads/2018/08/495-350x350.png,https://scrapeme.live/shop/Snivy/
Servine,£154.00,https://scrapeme.live/wp-content/uploads/2018/08/496-350x350.png,https://scrapeme.live/shop/Servine/
Serperior,£88.00,https://scrapeme.live/wp-content/uploads/2018/08/497-350x350.png,https://scrapeme.live/shop/Serperior/
Tepig,£195.00,https://scrapeme.live/wp-content/uploads/2018/08/498-350x350.png,https://scrapeme.live/shop/Tepig/
Pignite,£149.00,https://scrapeme.live/wp-content/uploads/2018/08/499-350x350.png,https://scrapeme.live/shop/Pignite/
Emboar,£32.00,https://scrapeme.live/wp-content/uploads/2018/08/500-350x350.png,https://scrapeme.live/shop/Emboar/
Oshawott,£194.00,https://scrapeme.live/wp-content/uploads/2018/08/501-350x350.png,https://scrapeme.live/shop/Oshawott/
Dewott,£57.00,https://scrapeme.live/wp-content/uploads/2018/08/502-350x350.png,https://scrapeme.live/shop/Dewott/
Samurott,£106.00,https://scrapeme.live/wp-content/uploads/2018/08/503-350x350.png,https://scrapeme.live/shop/Samurott/
Patrat,£116.00,https://scrapeme.live/wp-content/uploads/2018/08/504-350x350.png,https://scrapeme.live/shop/Patrat/
Watchog,£141.00,https://scrapeme.live/wp-content/uploads/2018/08/505-350x350.png,https://scrapeme.live/shop/Watchog/
Lillipup,£28.00,https://scrapeme.live/wp-content/uploads/2018/08/506-350x350.png,https://scrapeme.live/shop/Lillipup/
Herdier,£164.00,https://scrapeme.live/wp-content/uploads/2018/08/507-350x350.png,https://scrapeme.live/shop/Herdier/
Stoutland,£37.00,https://scrapeme.live/wp-content/uploads/2018/08/508-350x350.png,https://scrapeme.live/shop/Stoutland/
Purrloin,£167.00,https://scrapeme.live/wp-content/uploads/2018/08/509-350x350.png,https://scrapeme.live/shop/Purrloin/
Liepard,£104.00,https://scrapeme.live/wp-content/uploads/2018/08/510-350x350.png,https://scrapeme.live/shop/Liepard/
Pansage,£197.00,https://scrapeme.live/wp-content/uploads/2018/08/511-350x350.png,https://scrapeme.live/shop/Pansage/
Simisage,£98.00,https://scrapeme.live/wp-content/uploads/2018/08/512-350x350.png,https://scrapeme.live/shop/Simisage/
Pansear,£194.00,https://scrapeme.live/wp-content/uploads/2018/08/513-350x350.png,https://scrapeme.live/shop/Pansear/
Simisear,£38.00,https://scrapeme.live/wp-content/uploads/2018/08/514-350x350.png,https://scrapeme.live/shop/Simisear/
Panpour,£52.00,https://scrapeme.live/wp-content/uploads/2018/08/515-350x350.png,https://scrapeme.live/shop/Panpour/
Simipour,£61.00,https://scrapeme.live/wp-content/uploads/2018/08/516-350x350.png,https://scrapeme.live/shop/Simipour/
Munna,£172.00,https://scrapeme.live/wp-content/uploads/2018/08/517-350x350.png,https://scrapeme.live/shop/Munna/
Musharna,£58.00,https://scrapeme.live/wp-content/uploads/2018/08/518-350x350.png,https://scrapeme.live/shop/Musharna/
Pidove,£172.00,https://scrapeme.live/wp-content/uploads/2018/08/519-350x350.png,https://scrapeme.live/shop/Pidove/
Tranquill,£199.00,https://scrapeme.live/wp-content/uploads/2018/08/520-350x350.png,https://scrapeme.live/shop/Tranquill/
Unfezant,£135.00,https://scrapeme.live/wp-content/uploads/2018/08/521-350x350.png,https://scrapeme.live/shop/Unfezant/
Zebstrika,£138.00,https://scrapeme.live/wp-content/uploads/2018/08/523-350x350.png,https://scrapeme.live/shop/Zebstrika/
Roggenrola,£41.00,https://scrapeme.live/wp-content/uploads/2018/08/524-350x350.png,https://scrapeme.live/shop/Roggenrola/
Boldore,£76.00,https://scrapeme.live/wp-content/uploads/2018/08/525-350x350.png,https://scrapeme.live/shop/Boldore/
Gigalith,£67.00,https://scrapeme.live/wp-content/uploads/2018/08/526-350x350.png,https://scrapeme.live/shop/Gigalith/
Woobat,£27.00,https://scrapeme.live/wp-content/uploads/2018/08/527-350x350.png,https://scrapeme.live/shop/Woobat/
Swoobat,£49.00,https://scrapeme.live/wp-content/uploads/2018/08/528-350x350.png,https://scrapeme.live/shop/Swoobat/
Drilbur,£132.00,https://scrapeme.live/wp-content/uploads/2018/08/529-350x350.png,https://scrapeme.live/shop/Drilbur/
Excadrill,£36.00,https://scrapeme.live/wp-content/uploads/2018/08/530-350x350.png,https://scrapeme.live/shop/Excadrill/
Audino,£95.00,https://scrapeme.live/wp-content/uploads/2018/08/531-350x350.png,https://scrapeme.live/shop/Audino/
Timburr,£194.00,https://scrapeme.live/wp-content/uploads/2018/08/532-350x350.png,https://scrapeme.live/shop/Timburr/
Gurdurr,£179.00,https://scrapeme.live/wp-content/uploads/2018/08/533-350x350.png,https://scrapeme.live/shop/Gurdurr/
Conkeldurr,£72.00,https://scrapeme.live/wp-content/uploads/2018/08/534-350x350.png,https://scrapeme.live/shop/Conkeldurr/
Palpitoad,£117.00,https://scrapeme.live/wp-content/uploads/2018/08/536-350x350.png,https://scrapeme.live/shop/Palpitoad/
Seismitoad,£90.00,https://scrapeme.live/wp-content/uploads/2018/08/537-350x350.png,https://scrapeme.live/shop/Seismitoad/
Throh,£43.00,https://scrapeme.live/wp-content/uploads/2018/08/538-350x350.png,https://scrapeme.live/shop/Throh/
Sawk,£129.00,https://scrapeme.live/wp-content/uploads/2018/08/539-350x350.png,https://scrapeme.live/shop/Sawk/
Sewaddle,£40.00,https://scrapeme.live/wp-content/uploads/2018/08/540-350x350.png,https://scrapeme.live/shop/Sewaddle/
Swadloon,£107.00,https://scrapeme.live/wp-content/uploads/2018/08/541-350x350.png,https://scrapeme.live/shop/Swadloon/
Leavanny,£130.00,https://scrapeme.live/wp-content/uploads/2018/08/542-350x350.png,https://scrapeme.live/shop/Leavanny/
Venipede,£87.00,https://scrapeme.live/wp-content/uploads/2018/08/543-350x350.png,https://scrapeme.live/shop/Venipede/
Whirlipede,£84.00,https://scrapeme.live/wp-content/uploads/2018/08/544-350x350.png,https://scrapeme.live/shop/Whirlipede/
Scolipede,£153.00,https://scrapeme.live/wp-content/uploads/2018/08/545-350x350.png,https://scrapeme.live/shop/Scolipede/
Cottonee,£77.00,https://scrapeme.live/wp-content/uploads/2018/08/546-350x350.png,https://scrapeme.live/shop/Cottonee/
Whimsicott,£26.00,https://scrapeme.live/wp-content/uploads/2018/08/547-350x350.png,https://scrapeme.live/shop/Whimsicott/
Petilil,£118.00,https://scrapeme.live/wp-content/uploads/2018/08/548-350x350.png,https://scrapeme.live/shop/Petilil/
Lilligant,£137.00,https://scrapeme.live/wp-content/uploads/2018/08/549-350x350.png,https://scrapeme.live/shop/Lilligant/
Sandile,£136.00,https://scrapeme.live/wp-content/uploads/2018/08/551-350x350.png,https://scrapeme.live/shop/Sandile/
Krokorok,£135.00,https://scrapeme.live/wp-content/uploads/2018/08/552-350x350.png,https://scrapeme.live/shop/Krokorok/
Krookodile,£185.00,https://scrapeme.live/wp-content/uploads/2018/08/553-350x350.png,https://scrapeme.live/shop/Krookodile/
Darumaka,£106.00,https://scrapeme.live/wp-content/uploads/2018/08/554-350x350.png,https://scrapeme.live/shop/Darumaka/
Maractus,£31.00,https://scrapeme.live/wp-content/uploads/2018/08/556-350x350.png,https://scrapeme.live/shop/Maractus/
Dwebble,£75.00,https://scrapeme.live/wp-content/uploads/2018/08/557-350x350.png,https://scrapeme.live/shop/Dwebble/
Crustle,£105.00,https://scrapeme.live/wp-content/uploads/2018/08/558-350x350.png,https://scrapeme.live/shop/Crustle/
Scraggy,£112.00,https://scrapeme.live/wp-content/uploads/2018/08/559-350x350.png,https://scrapeme.live/shop/Scraggy/
Scrafty,£137.00,https://scrapeme.live/wp-content/uploads/2018/08/560-350x350.png,https://scrapeme.live/shop/Scrafty/
Sigilyph,£68.00,https://scrapeme.live/wp-content/uploads/2018/08/561-350x350.png,https://scrapeme.live/shop/Sigilyph/
Yamask,£171.00,https://scrapeme.live/wp-content/uploads/2018/08/562-350x350.png,https://scrapeme.live/shop/Yamask/
Cofagrigus,£160.00,https://scrapeme.live/wp-content/uploads/2018/08/563-350x350.png,https://scrapeme.live/shop/Cofagrigus/
Tirtouga,£60.00,https://scrapeme.live/wp-content/uploads/2018/08/564-350x350.png,https://scrapeme.live/shop/Tirtouga/
Carracosta,£158.00,https://scrapeme.live/wp-content/uploads/2018/08/565-350x350.png,https://scrapeme.live/shop/Carracosta/
Archen,£140.00,https://scrapeme.live/wp-content/uploads/2018/08/566-350x350.png,https://scrapeme.live/shop/Archen/
Archeops,£126.00,https://scrapeme.live/wp-content/uploads/2018/08/567-350x350.png,https://scrapeme.live/shop/Archeops/
Trubbish,£169.00,https://scrapeme.live/wp-content/uploads/2018/08/568-350x350.png,https://scrapeme.live/shop/Trubbish/
Garbodor,£178.00,https://scrapeme.live/wp-content/uploads/2018/08/569-350x350.png,https://scrapeme.live/shop/Garbodor/
Zorua,£81.00,https://scrapeme.live/wp-content/uploads/2018/08/570-350x350.png,https://scrapeme.live/shop/Zorua/
Minccino,£79.00,https://scrapeme.live/wp-content/uploads/2018/08/572-350x350.png,https://scrapeme.live/shop/Minccino/
Cinccino,£154.00,https://scrapeme.live/wp-content/uploads/2018/08/573-350x350.png,https://scrapeme.live/shop/Cinccino/
Gothita,£68.00,https://scrapeme.live/wp-content/uploads/2018/08/574-350x350.png,https://scrapeme.live/shop/Gothita/
Gothorita,£189.00,https://scrapeme.live/wp-content/uploads/2018/08/575-350x350.png,https://scrapeme.live/shop/Gothorita/
Gothitelle,£164.00,https://scrapeme.live/wp-content/uploads/2018/08/576-350x350.png,https://scrapeme.live/shop/Gothitelle/
Solosis,£134.00,https://scrapeme.live/wp-content/uploads/2018/08/577-350x350.png,https://scrapeme.live/shop/Solosis/
Duosion,£71.00,https://scrapeme.live/wp-content/uploads/2018/08/578-350x350.png,https://scrapeme.live/shop/Duosion/
Reuniclus,£168.00,https://scrapeme.live/wp-content/uploads/2018/08/579-350x350.png,https://scrapeme.live/shop/Reuniclus/
Ducklett,£159.00,https://scrapeme.live/wp-content/uploads/2018/08/580-350x350.png,https://scrapeme.live/shop/Ducklett/
Swanna,£36.00,https://scrapeme.live/wp-content/uploads/2018/08/581-350x350.png,https://scrapeme.live/shop/Swanna/
Vanillite,£108.00,https://scrapeme.live/wp-content/uploads/2018/08/582-350x350.png,https://scrapeme.live/shop/Vanillite/
Vanillish,£93.00,https://scrapeme.live/wp-content/uploads/2018/08/583-350x350.png,https://scrapeme.live/shop/Vanillish/
Vanilluxe,£89.00,https://scrapeme.live/wp-content/uploads/2018/08/584-350x350.png,https://scrapeme.live/shop/Vanilluxe/
Deerling,£141.00,https://scrapeme.live/wp-content/uploads/2018/08/585-350x350.png,https://scrapeme.live/shop/Deerling/
Sawsbuck,£76.00,https://scrapeme.live/wp-content/uploads/2018/08/586-350x350.png,https://scrapeme.live/shop/Sawsbuck/
Karrablast,£41.00,https://scrapeme.live/wp-content/uploads/2018/08/588-350x350.png,https://scrapeme.live/shop/Karrablast/
Escavalier,£189.00,https://scrapeme.live/wp-content/uploads/2018/08/589-350x350.png,https://scrapeme.live/shop/Escavalier/
Foongus,£129.00,https://scrapeme.live/wp-content/uploads/2018/08/590-350x350.png,https://scrapeme.live/shop/Foongus/
Frillish,£63.00,https://scrapeme.live/wp-content/uploads/2018/08/592-350x350.png,https://scrapeme.live/shop/Frillish/
Jellicent,£114.00,https://scrapeme.live/wp-content/uploads/2018/08/593-350x350.png,https://scrapeme.live/shop/Jellicent/
Alomomola,£35.00,https://scrapeme.live/wp-content/uploads/2018/08/594-350x350.png,https://scrapeme.live/shop/Alomomola/
Joltik,£59.00,https://scrapeme.live/wp-content/uploads/2018/08/595-350x350.png,https://scrapeme.live/shop/Joltik/
Galvantula,£57.00,https://scrapeme.live/wp-content/uploads/2018/08/596-350x350.png,https://scrapeme.live/shop/Galvantula/
Ferroseed,£81.00,https://scrapeme.live/wp-content/uploads/2018/08/597-350x350.png,https://scrapeme.live/shop/Ferroseed/
Ferrothorn,£182.00,https://scrapeme.live/wp-content/uploads/2018/08/598-350x350.png,https://scrapeme.live/shop/Ferrothorn/
Klink,£75.00,https://scrapeme.live/wp-content/uploads/2018/08/599-350x350.png,https://scrapeme.live/shop/Klink/
Klang,£162.00,https://scrapeme.live/wp-content/uploads/2018/08/600-350x350.png,https://scrapeme.live/shop/Klang/
Klinklang,£178.00,https://scrapeme.live/wp-content/uploads/2018/08/601-350x350.png,https://scrapeme.live/shop/Klinklang/
Tynamo,£82.00,https://scrapeme.live/wp-content/uploads/2018/08/602-350x350.png,https://scrapeme.live/shop/Tynamo/
Eelektrik,£198.00,https://scrapeme.live/wp-content/uploads/2018/08/603-350x350.png,https://scrapeme.live/shop/Eelektrik/
Eelektross,£123.00,https://scrapeme.live/wp-content/uploads/2018/08/604-350x350.png,https://scrapeme.live/shop/Eelektross/
Elgyem,£107.00,https://scrapeme.live/wp-content/uploads/2018/08/605-350x350.png,https://scrapeme.live/shop/Elgyem/
Beheeyem,£34.00,https://scrapeme.live/wp-content/uploads/2018/08/606-350x350.png,https://scrapeme.live/shop/Beheeyem/
Litwick,£37.00,https://scrapeme.live/wp-content/uploads/2018/08/607-350x350.png,https://scrapeme.live/shop/Litwick/
Lampent,£157.00,https://scrapeme.live/wp-content/uploads/2018/08/608-350x350.png,https://scrapeme.live/shop/Lampent/
Axew,£123.00,https://scrapeme.live/wp-content/uploads/2018/08/610-350x350.png,https://scrapeme.live/shop/Axew/
Fraxure,£64.00,https://scrapeme.live/wp-content/uploads/2018/08/611-350x350.png,https://scrapeme.live/shop/Fraxure/
Haxorus,£135.00,https://scrapeme.live/wp-content/uploads/2018/08/612-350x350.png,https://scrapeme.live/shop/Haxorus/
Cubchoo,£62.00,https://scrapeme.live/wp-content/uploads/2018/08/613-350x350.png,https://scrapeme.live/shop/Cubchoo/
Beartic,£28.00,https://scrapeme.live/wp-content/uploads/2018/08/614-350x350.png,https://scrapeme.live/shop/Beartic/
Cryogonal,£72.00,https://scrapeme.live/wp-content/uploads/2018/08/615-350x350.png,https://scrapeme.live/shop/Cryogonal/
Shelmet,£190.00,https://scrapeme.live/wp-content/uploads/2018/08/616-350x350.png,https://scrapeme.live/shop/Shelmet/
Accelgor,£129.00,https://scrapeme.live/wp-content/uploads/2018/08/617-350x350.png,https://scrapeme.live/shop/Accelgor/
Stunfisk,£67.00,https://scrapeme.live/wp-content/uploads/2018/08/618-350x350.png,https://scrapeme.live/shop/Stunfisk/
Mienfoo,£197.00,https://scrapeme.live/wp-content/uploads/2018/08/619-350x350.png,https://scrapeme.live/shop/Mienfoo/
Mienshao,£50.00,https://scrapeme.live/wp-content/uploads/2018/08/620-350x350.png,https://scrapeme.live/shop/Mienshao/
Druddigon,£110.00,https://scrapeme.live/wp-content/uploads/2018/08/621-350x350.png,https://scrapeme.live/shop/Druddigon/
Golett,£89.00,https://scrapeme.live/wp-content/uploads/2018/08/622-350x350.png,https://scrapeme.live/shop/Golett/
Golurk,£74.00,https://scrapeme.live/wp-content/uploads/2018/08/623-350x350.png,https://scrapeme.live/shop/Golurk/
Pawniard,£37.00,https://scrapeme.live/wp-content/uploads/2018/08/624-350x350.png,https://scrapeme.live/shop/Pawniard/
Bisharp,£129.00,https://scrapeme.live/wp-content/uploads/2018/08/625-350x350.png,https://scrapeme.live/shop/Bisharp/
Bouffalant,£59.00,https://scrapeme.live/wp-content/uploads/2018/08/626-350x350.png,https://scrapeme.live/shop/Bouffalant/
Rufflet,£60.00,https://scrapeme.live/wp-content/uploads/2018/08/627-350x350.png,https://scrapeme.live/shop/Rufflet/
Braviary,£83.00,https://scrapeme.live/wp-content/uploads/2018/08/628-350x350.png,https://scrapeme.live/shop/Braviary/
Vullaby,£61.00,https://scrapeme.live/wp-content/uploads/2018/08/629-350x350.png,https://scrapeme.live/shop/Vullaby/
Mandibuzz,£89.00,https://scrapeme.live/wp-content/uploads/2018/08/630-350x350.png,https://scrapeme.live/shop/Mandibuzz/
Heatmor,£81.00,https://scrapeme.live/wp-content/uploads/2018/08/631-350x350.png,https://scrapeme.live/shop/Heatmor/
Durant,£28.00,https://scrapeme.live/wp-content/uploads/2018/08/632-350x350.png,https://scrapeme.live/shop/Durant/
Deino,£63.00,https://scrapeme.live/wp-content/uploads/2018/08/633-350x350.png,https://scrapeme.live/shop/Deino/
Zweilous,£199.00,https://scrapeme.live/wp-content/uploads/2018/08/634-350x350.png,https://scrapeme.live/shop/Zweilous/
Hydreigon,£86.00,https://scrapeme.live/wp-content/uploads/2018/08/635-350x350.png,https://scrapeme.live/shop/Hydreigon/
Volcarona,£94.00,https://scrapeme.live/wp-content/uploads/2018/08/637-350x350.png,https://scrapeme.live/shop/Volcarona/
Cobalion,£111.00,https://scrapeme.live/wp-content/uploads/2018/08/638-350x350.png,https://scrapeme.live/shop/Cobalion/
Terrakion,£87.00,https://scrapeme.live/wp-content/uploads/2018/08/639-350x350.png,https://scrapeme.live/shop/Terrakion/
Virizion,£156.00,https://scrapeme.live/wp-content/uploads/2018/08/640-350x350.png,https://scrapeme.live/shop/Virizion/
Reshiram,£147.00,https://scrapeme.live/wp-content/uploads/2018/08/643-350x350.png,https://scrapeme.live/shop/Reshiram/
Zekrom,£135.00,https://scrapeme.live/wp-content/uploads/2018/08/644-350x350.png,https://scrapeme.live/shop/Zekrom/
Genesect,£173.00,https://scrapeme.live/wp-content/uploads/2018/08/649-350x350.png,https://scrapeme.live/shop/Genesect/
Chespin,£185.00,https://scrapeme.live/wp-content/uploads/2018/08/650-350x350.png,https://scrapeme.live/shop/Chespin/
Quilladin,£161.00,https://scrapeme.live/wp-content/uploads/2018/08/651-350x350.png,https://scrapeme.live/shop/Quilladin/
Chesnaught,£96.00,https://scrapeme.live/wp-content/uploads/2018/08/652-350x350.png,https://scrapeme.live/shop/Chesnaught/
Fennekin,£123.00,https://scrapeme.live/wp-content/uploads/2018/08/653-350x350.png,https://scrapeme.live/shop/Fennekin/
Braixen,£59.00,https://scrapeme.live/wp-content/uploads/2018/08/654-350x350.png,https://scrapeme.live/shop/Braixen/
Delphox,£170.00,https://scrapeme.live/wp-content/uploads/2018/08/655-350x350.png,https://scrapeme.live/shop/Delphox/
Froakie,£38.00,https://scrapeme.live/wp-content/uploads/2018/08/656-350x350.png,https://scrapeme.live/shop/Froakie/
Frogadier,£125.00,https://scrapeme.live/wp-content/uploads/2018/08/657-350x350.png,https://scrapeme.live/shop/Frogadier/
Greninja,£42.00,https://scrapeme.live/wp-content/uploads/2018/08/658-350x350.png,https://scrapeme.live/shop/Greninja/
Bunnelby,£66.00,https://scrapeme.live/wp-content/uploads/2018/08/659-350x350.png,https://scrapeme.live/shop/Bunnelby/
Fletchling,£43.00,https://scrapeme.live/wp-content/uploads/2018/08/661-350x350.png,https://scrapeme.live/shop/Fletchling/
Fletchinder,£147.00,https://scrapeme.live/wp-content/uploads/2018/08/662-350x350.png,https://scrapeme.live/shop/Fletchinder/
Talonflame,£84.00,https://scrapeme.live/wp-content/uploads/2018/08/663-350x350.png,https://scrapeme.live/shop/Talonflame/
Scatterbug,£40.00,https://scrapeme.live/wp-content/uploads/2018/08/664-350x350.png,https://scrapeme.live/shop/Scatterbug/
Spewpa,£155.00,https://scrapeme.live/wp-content/uploads/2018/08/665-350x350.png,https://scrapeme.live/shop/Spewpa/
Vivillon,£177.00,https://scrapeme.live/wp-content/uploads/2018/08/666-350x350.png,https://scrapeme.live/shop/Vivillon/
Litleo,£34.00,https://scrapeme.live/wp-content/uploads/2018/08/667-350x350.png,https://scrapeme.live/shop/Litleo/
Pyroar,£127.00,https://scrapeme.live/wp-content/uploads/2018/08/668-350x350.png,https://scrapeme.live/shop/Pyroar/
Flabebe,£79.00,https://scrapeme.live/wp-content/uploads/2018/08/669-350x350.png,https://scrapeme.live/shop/Flabebe/
Floette,£149.00,https://scrapeme.live/wp-content/uploads/2018/08/670-350x350.png,https://scrapeme.live/shop/Floette/
Florges,£93.00,https://scrapeme.live/wp-content/uploads/2018/08/671-350x350.png,https://scrapeme.live/shop/Florges/
Skiddo,£129.00,https://scrapeme.live/wp-content/uploads/2018/08/672-350x350.png,https://scrapeme.live/shop/Skiddo/
Gogoat,£97.00,https://scrapeme.live/wp-content/uploads/2018/08/673-350x350.png,https://scrapeme.live/shop/Gogoat/
Pangoro,£76.00,https://scrapeme.live/wp-content/uploads/2018/08/675-350x350.png,https://scrapeme.live/shop/Pangoro/
Furfrou,£165.00,https://scrapeme.live/wp-content/uploads/2018/08/676-350x350.png,https://scrapeme.live/shop/Furfrou/
Espurr,£149.00,https://scrapeme.live/wp-content/uploads/2018/08/677-350x350.png,https://scrapeme.live/shop/Espurr/
Honedge,£101.00,https://scrapeme.live/wp-content/uploads/2018/08/679-350x350.png,https://scrapeme.live/shop/Honedge/
Doublade,£164.00,https://scrapeme.live/wp-content/uploads/2018/08/680-350x350.png,https://scrapeme.live/shop/Doublade/
Spritzee,£58.00,https://scrapeme.live/wp-content/uploads/2018/08/682-350x350.png,https://scrapeme.live/shop/Spritzee/
Aromatisse,£194.00,https://scrapeme.live/wp-content/uploads/2018/08/683-350x350.png,https://scrapeme.live/shop/Aromatisse/
Swirlix,£90.00,https://scrapeme.live/wp-content/uploads/2018/08/684-350x350.png,https://scrapeme.live/shop/Swirlix/
Slurpuff,£66.00,https://scrapeme.live/wp-content/uploads/2018/08/685-350x350.png,https://scrapeme.live/shop/Slurpuff/
Inkay,£38.00,https://scrapeme.live/wp-content/uploads/2018/08/686-350x350.png,https://scrapeme.live/shop/Inkay/
Malamar,£58.00,https://scrapeme.live/wp-content/uploads/2018/08/687-350x350.png,https://scrapeme.live/shop/Malamar/
Binacle,£102.00,https://scrapeme.live/wp-content/uploads/2018/08/688-350x350.png,https://scrapeme.live/shop/Binacle/
Barbaracle,£165.00,https://scrapeme.live/wp-content/uploads/2018/08/689-350x350.png,https://scrapeme.live/shop/Barbaracle/
Skrelp,£63.00,https://scrapeme.live/wp-content/uploads/2018/08/690-350x350.png,https://scrapeme.live/shop/Skrelp/
Dragalge,£151.00,https://scrapeme.live/wp-content/uploads/2018/08/691-350x350.png,https://scrapeme.live/shop/Dragalge/
Clauncher,£29.00,https://scrapeme.live/wp-content/uploads/2018/08/692-350x350.png,https://scrapeme.live/shop/Clauncher/
Clawitzer,£69.00,https://scrapeme.live/wp-content/uploads/2018/08/693-350x350.png,https://scrapeme.live/shop/Clawitzer/
Helioptile,£62.00,https://scrapeme.live/wp-content/uploads/2018/08/694-350x350.png,https://scrapeme.live/shop/Helioptile/
Heliolisk,£83.00,https://scrapeme.live/wp-content/uploads/2018/08/695-350x350.png,https://scrapeme.live/shop/Heliolisk/
Tyrunt,£62.00,https://scrapeme.live/wp-content/uploads/2018/08/696-350x350.png,https://scrapeme.live/shop/Tyrunt/
Tyrantrum,£26.00,https://scrapeme.live/wp-content/uploads/2018/08/697-350x350.png,https://scrapeme.live/shop/Tyrantrum/
Amaura,£155.00,https://scrapeme.live/wp-content/uploads/2018/08/698-350x350.png,https://scrapeme.live/shop/Amaura/
Aurorus,£189.00,https://scrapeme.live/wp-content/uploads/2018/08/699-350x350.png,https://scrapeme.live/shop/Aurorus/
Sylveon,£48.00,https://scrapeme.live/wp-content/uploads/2018/08/700-350x350.png,https://scrapeme.live/shop/Sylveon/
Hawlucha,£44.00,https://scrapeme.live/wp-content/uploads/2018/08/701-350x350.png,https://scrapeme.live/shop/Hawlucha/
Dedenne,£118.00,https://scrapeme.live/wp-content/uploads/2018/08/702-350x350.png,https://scrapeme.live/shop/Dedenne/
Carbink,£171.00,https://scrapeme.live/wp-content/uploads/2018/08/703-350x350.png,https://scrapeme.live/shop/Carbink/
Goomy,£110.00,https://scrapeme.live/wp-content/uploads/2018/08/704-350x350.png,https://scrapeme.live/shop/Goomy/
Sliggoo,£109.00,https://scrapeme.live/wp-content/uploads/2018/08/705-350x350.png,https://scrapeme.live/shop/Sliggoo/
Goodra,£192.00,https://scrapeme.live/wp-content/uploads/2018/08/706-350x350.png,https://scrapeme.live/shop/Goodra/
Klefki,£179.00,https://scrapeme.live/wp-content/uploads/2018/08/707-350x350.png,https://scrapeme.live/shop/Klefki/
Trevenant,£53.00,https://scrapeme.live/wp-content/uploads/2018/08/709-350x350.png,https://scrapeme.live/shop/Trevenant/
Bergmite,£119.00,https://scrapeme.live/wp-content/uploads/2018/08/712-350x350.png,https://scrapeme.live/shop/Bergmite/
Avalugg,£71.00,https://scrapeme.live/wp-content/uploads/2018/08/713-350x350.png,https://scrapeme.live/shop/Avalugg/
Noibat,£126.00,https://scrapeme.live/wp-content/uploads/2018/08/714-350x350.png,https://scrapeme.live/shop/Noibat/
Noivern,£75.00,https://scrapeme.live/wp-content/uploads/2018/08/715-350x350.png,https://scrapeme.live/shop/Noivern/
Xerneas,£30.00,https://scrapeme.live/wp-content/uploads/2018/08/716-350x350.png,https://scrapeme.live/shop/Xerneas/
Yveltal,£59.00,https://scrapeme.live/wp-content/uploads/2018/08/717-350x350.png,https://scrapeme.live/shop/Yveltal/
Zygarde,£83.00,https://scrapeme.live/wp-content/uploads/2018/08/718-350x350.png,https://scrapeme.live/shop/Zygarde/
Diancie,£27.00,https://scrapeme.live/wp-content/uploads/2018/08/719-350x350.png,https://scrapeme.live/shop/Diancie/
Hoopa,£189.00,https://scrapeme.live/wp-content/uploads/2018/08/720-350x350.png,https://scrapeme.live/shop/Hoopa/
Volcanion,£45.00,https://scrapeme.live/wp-content/uploads/2018/08/721-350x350.png,https://scrapeme.live/shop/Volcanion/
Dartrix,£169.00,https://scrapeme.live/wp-content/uploads/2018/08/723-350x350.png,https://scrapeme.live/shop/Dartrix/
Decidueye,£106.00,https://scrapeme.live/wp-content/uploads/2018/08/724-350x350.png,https://scrapeme.live/shop/Decidueye/
Litten,£132.00,https://scrapeme.live/wp-content/uploads/2018/08/725-350x350.png,https://scrapeme.live/shop/Litten/
Torracat,£184.00,https://scrapeme.live/wp-content/uploads/2018/08/726-350x350.png,https://scrapeme.live/shop/Torracat/
Incineroar,£36.00,https://scrapeme.live/wp-content/uploads/2018/08/727-350x350.png,https://scrapeme.live/shop/Incineroar/
Popplio,£158.00,https://scrapeme.live/wp-content/uploads/2018/08/728-350x350.png,https://scrapeme.live/shop/Popplio/
Brionne,£172.00,https://scrapeme.live/wp-content/uploads/2018/08/729-350x350.png,https://scrapeme.live/shop/Brionne/
Primarina,£143.00,https://scrapeme.live/wp-content/uploads/2018/08/730-350x350.png,https://scrapeme.live/shop/Primarina/
Pikipek,£51.00,https://scrapeme.live/wp-content/uploads/2018/08/731-350x350.png,https://scrapeme.live/shop/Pikipek/
Trumbeak,£59.00,https://scrapeme.live/wp-content/uploads/2018/08/732-350x350.png,https://scrapeme.live/shop/Trumbeak/
Toucannon,£77.00,https://scrapeme.live/wp-content/uploads/2018/08/733-350x350.png,https://scrapeme.live/shop/Toucannon/
Yungoos,£159.00,https://scrapeme.live/wp-content/uploads/2018/08/734-350x350.png,https://scrapeme.live/shop/Yungoos/
Gumshoos,£123.00,https://scrapeme.live/wp-content/uploads/2018/08/735-350x350.png,https://scrapeme.live/shop/Gumshoos/
Grubbin,£77.00,https://scrapeme.live/wp-content/uploads/2018/08/736-350x350.png,https://scrapeme.live/shop/Grubbin/
Charjabug,£76.00,https://scrapeme.live/wp-content/uploads/2018/08/737-350x350.png,https://scrapeme.live/shop/Charjabug/
Vikavolt,£88.00,https://scrapeme.live/wp-content/uploads/2018/08/738-350x350.png,https://scrapeme.live/shop/Vikavolt/
Crabrawler,£181.00,https://scrapeme.live/wp-content/uploads/2018/08/739-350x350.png,https://scrapeme.live/shop/Crabrawler/
Crabominable,£65.00,https://scrapeme.live/wp-content/uploads/2018/08/740-350x350.png,https://scrapeme.live/shop/Crabominable/
Cutiefly,£118.00,https://scrapeme.live/wp-content/uploads/2018/08/742-350x350.png,https://scrapeme.live/shop/Cutiefly/
Ribombee,£100.00,https://scrapeme.live/wp-content/uploads/2018/08/743-350x350.png,https://scrapeme.live/shop/Ribombee/
Rockruff,£149.00,https://scrapeme.live/wp-content/uploads/2018/08/744-350x350.png,https://scrapeme.live/shop/Rockruff/
Mareanie,£47.00,https://scrapeme.live/wp-content/uploads/2018/08/747-350x350.png,https://scrapeme.live/shop/Mareanie/
Toxapex,£91.00,https://scrapeme.live/wp-content/uploads/2018/08/748-350x350.png,https://scrapeme.live/shop/Toxapex/
Mudbray,£96.00,https://scrapeme.live/wp-content/uploads/2018/08/749-350x350.png,https://scrapeme.live/shop/Mudbray/
Mudsdale,£111.00,https://scrapeme.live/wp-content/uploads/2018/08/750-350x350.png,https://scrapeme.live/shop/Mudsdale/
Dewpider,£84.00,https://scrapeme.live/wp-content/uploads/2018/08/751-350x350.png,https://scrapeme.live/shop/Dewpider/
Araquanid,£48.00,https://scrapeme.live/wp-content/uploads/2018/08/752-350x350.png,https://scrapeme.live/shop/Araquanid/
Fomantis,£104.00,https://scrapeme.live/wp-content/uploads/2018/08/753-350x350.png,https://scrapeme.live/shop/Fomantis/
Lurantis,£159.00,https://scrapeme.live/wp-content/uploads/2018/08/754-350x350.png,https://scrapeme.live/shop/Lurantis/
Morelull,£87.00,https://scrapeme.live/wp-content/uploads/2018/08/755-350x350.png,https://scrapeme.live/shop/Morelull/
Shiinotic,£75.00,https://scrapeme.live/wp-content/uploads/2018/08/756-350x350.png,https://scrapeme.live/shop/Shiinotic/
Salandit,£158.00,https://scrapeme.live/wp-content/uploads/2018/08/757-350x350.png,https://scrapeme.live/shop/Salandit/
Salazzle,£166.00,https://scrapeme.live/wp-content/uploads/2018/08/758-350x350.png,https://scrapeme.live/shop/Salazzle/
Stufful,£70.00,https://scrapeme.live/wp-content/uploads/2018/08/759-350x350.png,https://scrapeme.live/shop/Stufful/
Bewear,£117.00,https://scrapeme.live/wp-content/uploads/2018/08/760-350x350.png,https://scrapeme.live/shop/Bewear/
Bounsweet,£193.00,https://scrapeme.live/wp-content/uploads/2018/08/761-350x350.png,https://scrapeme.live/shop/Bounsweet/
Steenee,£27.00,https://scrapeme.live/wp-content/uploads/2018/08/762-350x350.png,https://scrapeme.live/shop/Steenee/
Tsareena,£186.00,https://scrapeme.live/wp-content/uploads/2018/08/763-350x350.png,https://scrapeme.live/shop/Tsareena/
Comfey,£28.00,https://scrapeme.live/wp-content/uploads/2018/08/764-350x350.png,https://scrapeme.live/shop/Comfey/
Oranguru,£139.00,https://scrapeme.live/wp-content/uploads/2018/08/765-350x350.png,https://scrapeme.live/shop/Oranguru/
Passimian,£182.00,https://scrapeme.live/wp-content/uploads/2018/08/766-350x350.png,https://scrapeme.live/shop/Passimian/
Wimpod,£137.00,https://scrapeme.live/wp-content/uploads/2018/08/767-350x350.png,https://scrapeme.live/shop/Wimpod/
Golisopod,£32.00,https://scrapeme.live/wp-content/uploads/2018/08/768-350x350.png,https://scrapeme.live/shop/Golisopod/
Sandygast,£131.00,https://scrapeme.live/wp-content/uploads/2018/08/769-350x350.png,https://scrapeme.live/shop/Sandygast/
Palossand,£187.00,https://scrapeme.live/wp-content/uploads/2018/08/770-350x350.png,https://scrapeme.live/shop/Palossand/
Pyukumuku,£97.00,https://scrapeme.live/wp-content/uploads/2018/08/771-350x350.png,https://scrapeme.live/shop/Pyukumuku/
Silvally,£133.00,https://scrapeme.live/wp-content/uploads/2018/08/773-350x350.png,https://scrapeme.live/shop/Silvally/
Komala,£65.00,https://scrapeme.live/wp-content/uploads/2018/08/775-350x350.png,https://scrapeme.live/shop/Komala/
Turtonator,£117.00,https://scrapeme.live/wp-content/uploads/2018/08/776-350x350.png,https://scrapeme.live/shop/Turtonator/
Togedemaru,£45.00,https://scrapeme.live/wp-content/uploads/2018/08/777-350x350.png,https://scrapeme.live/shop/Togedemaru/
Drampa,£133.00,https://scrapeme.live/wp-content/uploads/2018/08/780-350x350.png,https://scrapeme.live/shop/Drampa/
Jangmo-o,£107.00,https://scrapeme.live/wp-content/uploads/2018/08/782-350x350.png,https://scrapeme.live/shop/Jangmo-o/
Hakamo-o,£57.00,https://scrapeme.live/wp-content/uploads/2018/08/783-350x350.png,https://scrapeme.live/shop/Hakamo-o/
Kommo-o,£170.00,https://scrapeme.live/wp-content/uploads/2018/08/784-350x350.png,https://scrapeme.live/shop/Kommo-o/
Tapu-koko,£159.00,https://scrapeme.live/wp-content/uploads/2018/08/785-350x350.png,https://scrapeme.live/shop/Tapu-koko/
Tapu-lele,£62.00,https://scrapeme.live/wp-content/uploads/2018/08/786-350x350.png,https://scrapeme.live/shop/Tapu-lele/
Tapu-bulu,£165.00,https://scrapeme.live/wp-content/uploads/2018/08/787-350x350.png,https://scrapeme.live/shop/Tapu-bulu/
Tapu-fini,£123.00,https://scrapeme.live/wp-content/uploads/2018/08/788-350x350.png,https://scrapeme.live/shop/Tapu-fini/
Solgaleo,£125.00,https://scrapeme.live/wp-content/uploads/2018/08/791-350x350.png,https://scrapeme.live/shop/Solgaleo/
Lunala,£58.00,https://scrapeme.live/wp-content/uploads/2018/08/792-350x350.png,https://scrapeme.live/shop/Lunala/
Nihilego,£67.00,https://scrapeme.live/wp-content/uploads/2018/08/793-350x350.png,https://scrapeme.live/shop/Nihilego/
Buzzwole,£172.00,https://scrapeme.live/wp-content/uploads/2018/08/794-350x350.png,https://scrapeme.live/shop/Buzzwole/
Pheromosa,£62.00,https://scrapeme.live/wp-content/uploads/2018/08/795-350x350.png,https://scrapeme.live/shop/Pheromosa/
Xurkitree,£174.00,https://scrapeme.live/wp-content/uploads/2018/08/796-350x350.png,https://scrapeme.live/shop/Xurkitree/
Celesteela,£151.00,https://scrapeme.live/wp-content/uploads/2018/08/797-350x350.png,https://scrapeme.live/shop/Celesteela/
Kartana,£197.00,https://scrapeme.live/wp-content/uploads/2018/08/798-350x350.png,https://scrapeme.live/shop/Kartana/
Guzzlord,£73.00,https://scrapeme.live/wp-content/uploads/2018/08/799-350x350.png,https://scrapeme.live/shop/Guzzlord/
Necrozma,£68.00,https://scrapeme.live/wp-content/uploads/2018/08/800-350x350.png,https://scrapeme.live/shop/Necrozma/
Marshadow,£107.00,https://scrapeme.live/wp-content/uploads/2018/08/802-350x350.png,https://scrapeme.live/shop/Marshadow/
Poipole,£130.00,https://scrapeme.live/wp-content/uploads/2018/08/803-350x350.png,https://scrapeme.live/shop/Poipole/
Naganadel,£30.00,https://scrapeme.live/wp-content/uploads/2018/08/804-350x350.png,https://scrapeme.live/shop/Naganadel/
Stakataka,£190.00,https://scrapeme.live/wp-content/uploads/2018/08/805-350x350.png,https://scrapeme.live/shop/Stakataka/
Blacephalon,£149.00,https://scrapeme.live/wp-content/uploads/2018/08/806-350x350.png,https://scrapeme.live/shop/Blacephalon/
